City,State,City_State_Zip,State_Abbr
Alabaster,Alabama,Alabaster AL 35007 ,AL
Bessemer,Alabama,Bessemer AL 35022 ,AL
Birmingham,Alabama,Birmingham AL 35235 ,AL
Birmingham,Alabama,Birmingham AL 35242 ,AL
Birmingham,Alabama,Birmingham AL 35226 ,AL
Daphne,Alabama,Daphne AL 36526 ,AL
Decatur,Alabama,Decatur AL 35601 ,AL
Dothan,Alabama,Dothan AL 36303 ,AL
Florence,Alabama,Florence AL 35630 ,AL
Fultondale,Alabama,Fultondale AL 35068 ,AL
Gulf Shores,Alabama,Gulf Shores AL 36542 ,AL
Homewood,Alabama,Homewood AL 35209-4501 ,AL
Huntsville,Alabama,Huntsville AL 35802 ,AL
Huntsville,Alabama,Huntsville AL 35806 ,AL
Madison,Alabama,Madison AL 35758 ,AL
Mobile,Alabama,Mobile AL 36606 ,AL
Mobile,Alabama,Mobile AL 36695 ,AL
Montgomery,Alabama,Montgomery AL 36117 ,AL
Opelika,Alabama,Opelika AL 36801 ,AL
Oxford,Alabama,Oxford AL 36203 ,AL
Prattville,Alabama,Prattville AL 36066 ,AL
Tuscaloosa,Alabama,Tuscaloosa AL 35404 ,AL
Anchorage,Alaska,Anchorage AK 99504 ,AK
Anchorage,Alaska,Anchorage AK 99515 ,AK
Wasilla,Alaska,Wasilla AK 99654 ,AK
Bullhead City,Arizona,Bullhead City AZ 86442 ,AZ
Casa Grande,Arizona,Casa Grande AZ 85194 ,AZ
Chandler,Arizona,Chandler AZ 85225 ,AZ
Chandler,Arizona,Chandler AZ 85226 ,AZ
Chandler,Arizona,Chandler AZ 85248 ,AZ
Flagstaff,Arizona,Flagstaff AZ 86001 ,AZ
Fountain Hills,Arizona,Fountain Hills AZ 85268 ,AZ
Gilbert,Arizona,Gilbert AZ 85296 ,AZ
Gilbert,Arizona,Gilbert AZ 85297 ,AZ
Glendale,Arizona,Glendale AZ 85302 ,AZ
Glendale,Arizona,Glendale AZ 85305 ,AZ
Goodyear,Arizona,Goodyear AZ 85395 ,AZ
Goodyear,Arizona,Goodyear AZ 85338 ,AZ
Mesa,Arizona,Mesa AZ 85204 ,AZ
Mesa,Arizona,Mesa AZ 85202 ,AZ
Mesa,Arizona,Mesa AZ 85206 ,AZ
Mesa,Arizona,Mesa AZ 85215 ,AZ
Mesa,Arizona,Mesa AZ 85212 ,AZ
Oro Valley,Arizona,Oro Valley AZ 85737 ,AZ
Peoria,Arizona,Peoria AZ 85383 ,AZ
Peoria,Arizona,Peoria AZ 85382 ,AZ
Phoenix,Arizona,Phoenix AZ 85032 ,AZ
Phoenix,Arizona,Phoenix AZ 85022 ,AZ
Phoenix,Arizona,Phoenix AZ 85050 ,AZ
Phoenix,Arizona,Phoenix AZ 85042 ,AZ
Phoenix,Arizona,Phoenix AZ 85027 ,AZ
Phoenix,Arizona,Phoenix AZ 85018 ,AZ
Phoenix,Arizona,Phoenix AZ 85044 ,AZ
Phoenix,Arizona,Phoenix AZ 85015 ,AZ
Phoenix,Arizona,Phoenix AZ 85035 ,AZ
Prescott,Arizona,Prescott AZ 86301 ,AZ
Queen Creek,Arizona,Queen Creek AZ 85142 ,AZ
Scottsdale,Arizona,Scottsdale AZ 85260 ,AZ
Scottsdale,Arizona,Scottsdale AZ 85262 ,AZ
Scottsdale,Arizona,Scottsdale AZ 85250 ,AZ
Sierra Vista,Arizona,Sierra Vista AZ 85635 ,AZ
Surprise,Arizona,Surprise AZ 85374 ,AZ
Tempe,Arizona,Tempe AZ 85281 ,AZ
Tempe,Arizona,Tempe AZ 85283 ,AZ
Tolleson,Arizona,Tolleson AZ 85353 ,AZ
Tucson,Arizona,Tucson AZ 85714 ,AZ
Tucson,Arizona,Tucson AZ 85716 ,AZ
Tucson,Arizona,Tucson AZ 85741 ,AZ
Tucson,Arizona,Tucson AZ 85705 ,AZ
Tucson,Arizona,Tucson AZ 85711 ,AZ
Tucson,Arizona,Tucson AZ 85715 ,AZ
Tucson,Arizona,Tucson AZ 85748 ,AZ
Yuma,Arizona,Yuma AZ 85365 ,AZ
Bryant,Arkansas,Bryant AR 72022 ,AR
Conway,Arkansas,Conway AR 72032 ,AR
Fayetteville,Arkansas,Fayetteville AR 72703 ,AR
Fort Smith,Arkansas,Fort Smith AR 72903 ,AR
Jonesboro,Arkansas,Jonesboro AR 72401 ,AR
Little Rock,Arkansas,Little Rock AR 72211 ,AR
Little Rock,Arkansas,Little Rock AR 72205 ,AR
North Little Rock,Arkansas,North Little Rock AR 72116 ,AR
Rogers,Arkansas,Rogers AR 72758 ,AR
Albany,California,Albany CA 94710 ,CA
Alhambra,California,Alhambra CA 91801 ,CA
Aliso Viejo,California,Aliso Viejo CA 92656 ,CA
Anaheim,California,Anaheim CA 92802 ,CA
Anaheim,California,Anaheim CA 92808 ,CA
Antioch,California,Antioch CA 94531 ,CA
Apple Valley,California,Apple Valley CA 92308 ,CA
Apple Valley,California,Apple Valley CA 92307 ,CA
Atwater,California,Atwater CA 95301 ,CA
Auburn,California,Auburn CA 95603 ,CA
Azusa,California,Azusa CA 91702 ,CA
Bakersfield,California,Bakersfield CA 93311 ,CA
Bakersfield,California,Bakersfield CA 93304 ,CA
Bakersfield,California,Bakersfield CA 93306 ,CA
Bakersfield,California,Bakersfield CA 93312 ,CA
Baldwin Park,California,Baldwin Park CA 91706 ,CA
Brea,California,Brea CA 92821 ,CA
Buena Park,California,Buena Park CA 90621 ,CA
Burbank,California,Burbank CA 91504 ,CA
Camarillo,California,Camarillo CA 93010 ,CA
Canoga Park,California,Canoga Park CA 91303 ,CA
Capitola,California,Capitola CA 95010 ,CA
Carson,California,Carson CA 90746 ,CA
Carson,California,Carson CA 90745 ,CA
Cathedral City,California,Cathedral City CA 92234 ,CA
Cerritos,California,Cerritos CA 90703 ,CA
Cerritos,California,Cerritos CA 90703 ,CA
Chico,California,Chico CA 95928 ,CA
Chino,California,Chino CA 91710 ,CA
Chino,California,Chino CA 91710 ,CA
Chula Vista,California,Chula Vista CA 91911 ,CA
Chula Vista,California,Chula Vista CA 91910 ,CA
Chula Vista,California,Chula Vista CA 91914 ,CA
Citrus Heights,California,Citrus Heights CA 95610 ,CA
Clovis,California,Clovis CA 93612 ,CA
Clovis,California,Clovis CA 93612 ,CA
Colma,California,Colma CA 94014 ,CA
Compton,California,Compton CA 90220 ,CA
Corona,California,Corona CA 92881 ,CA
Costa Mesa,California,Costa Mesa CA 92626 ,CA
Culver City,California,Culver City CA 90230 ,CA
Culver City,California,Culver City CA 90230 ,CA
Cupertino,California,Cupertino CA 95014 ,CA
Cypress,California,Cypress CA 90630 ,CA
Daly City,California,Daly City CA 94015 ,CA
Davis,California,Davis CA 95618 ,CA
Diamond Bar,California,Diamond Bar CA 91765 ,CA
Duarte,California,Duarte CA 91010 ,CA
Dublin,California,Dublin CA 94568 ,CA
Dublin,California,Dublin CA 94568 ,CA
Eastvale,California,Eastvale CA 91752 ,CA
El Cajon,California,El Cajon CA 92021 ,CA
El Cajon,California,El Cajon CA 92019 ,CA
El Centro,California,El Centro CA 92243 ,CA
El Dorado Hills,California,El Dorado Hills CA 95762 ,CA
Elk Grove,California,Elk Grove CA 95758 ,CA
Emeryville,California,Emeryville CA 94608 ,CA
Encinitas,California,Encinitas CA 92024 ,CA
Escondido,California,Escondido CA 92029 ,CA
Eureka,California,Eureka CA 95501 ,CA
Fairfield,California,Fairfield CA 94533 ,CA
Folsom,California,Folsom CA 95630 ,CA
Fontana,California,Fontana CA 92336 ,CA
Fontana,California,Fontana CA 92337 ,CA
Foothill Ranch,California,Foothill Ranch CA 92610 ,CA
Fremont,California,Fremont CA 94538 ,CA
Fremont,California,Fremont CA 94538 ,CA
Fresno,California,Fresno CA 93711 ,CA
Fresno,California,Fresno CA 93726 ,CA
Fresno,California,Fresno CA 93710 ,CA
Fresno,California,Fresno CA 93720 ,CA
Fullerton,California,Fullerton CA 92833 ,CA
Fullerton,California,Fullerton CA 92832 ,CA
Fullerton,California,Fullerton CA 92831 ,CA
Garden Grove,California,Garden Grove CA 92840 ,CA
Garden Grove,California,Garden Grove CA 92843 ,CA
Gardena,California,Gardena CA 90247 ,CA
Gilroy,California,Gilroy CA 95020 ,CA
Glendale,California,Glendale CA 91210 ,CA
Granada Hills,California,Granada Hills CA 91344 ,CA
Hanford,California,Hanford CA 93230 ,CA
Hawthorne,California,Hawthorne CA 90250 ,CA
Hayward,California,Hayward CA 94541 ,CA
Hayward,California,Hayward CA 94544 ,CA
Hemet,California,Hemet CA 92545 ,CA
Hesperia,California,Hesperia CA 92345 ,CA
Hollister,California,Hollister CA 95023 ,CA
Huntington Beach,California,Huntington Beach CA 92646 ,CA
Indio,California,Indio CA 92203 ,CA
Inglewood,California,Inglewood CA 90303 ,CA
Irvine,California,Irvine CA 92618 ,CA
Irvine,California,Irvine CA 92602 ,CA
Irvine,California,Irvine CA 92606 ,CA
La Habra,California,La Habra CA 90631 ,CA
La Mesa,California,La Mesa CA 91942 ,CA
La Quinta,California,La Quinta CA 92253 ,CA
La Verne,California,La Verne CA 91750 ,CA
Lake Elsinore,California,Lake Elsinore CA 92530 ,CA
Lakewood,California,Lakewood CA 90712 ,CA
Lancaster,California,Lancaster CA 93534 ,CA
Lathrop,California,Lathrop CA 95330 ,CA
Lincoln,California,Lincoln CA 95648 ,CA
Livermore,California,Livermore CA 94551 ,CA
Lodi,California,Lodi CA 95242 ,CA
Long Beach,California,Long Beach CA 90815 ,CA
Long Beach,California,Long Beach CA 90805 ,CA
Los Angeles,California,Los Angeles CA 90024 ,CA
Los Angeles,California,Los Angeles CA 90041 ,CA
Los Angeles,California,Los Angeles CA 90016 ,CA
Los Angeles,California,Los Angeles CA 90022 ,CA
Los Banos,California,Los Banos CA 93635 ,CA
Manhattan Beach,California,Manhattan Beach CA 90266 ,CA
Manteca,California,Manteca CA 95336 ,CA
Marina,California,Marina CA 93933 ,CA
Menifee,California,Menifee CA 92584 ,CA
Merced,California,Merced CA 95348 ,CA
Mission Viejo,California,Mission Viejo CA 92691 ,CA
Mission Viejo,California,Mission Viejo CA 92691 ,CA
Modesto,California,Modesto CA 95350 ,CA
Modesto,California,Modesto CA 95356 ,CA
Montclair,California,Montclair CA 91763 ,CA
Moorpark,California,Moorpark CA 93021 ,CA
Moreno Valley,California,Moreno Valley CA 92555 ,CA
Morgan Hill,California,Morgan Hill CA 95037 ,CA
Mountain View,California,Mountain View CA 94040 ,CA
Murrieta,California,Murrieta CA 92562 ,CA
Murrieta,California,Murrieta CA 92562 ,CA
Napa,California,Napa CA 94559 ,CA
Napa,California,Napa CA 94558 ,CA
National City,California,National City CA 91950 ,CA
Norco,California,Norco CA 92860 ,CA
North Hollywood,California,North Hollywood CA 91606 ,CA
Northridge,California,Northridge CA 91324 ,CA
Northridge,California,Northridge CA 91325 ,CA
Norwalk,California,Norwalk CA 90650 ,CA
Norwalk,California,Norwalk CA 90650 ,CA
Novato,California,Novato CA 94945 ,CA
Oceanside,California,Oceanside CA 92054 ,CA
Ontario,California,Ontario CA 91764 ,CA
Orange,California,Orange CA 92865 ,CA
Oxnard West,California,Oxnard West CA 93036 ,CA
Pacoima,California,Pacoima CA 91331 ,CA
Palm Desert,California,Palm Desert CA 92260 ,CA
Palmdale,California,Palmdale CA 93552 ,CA
Palmdale,California,Palmdale CA 93551 ,CA
Pasadena,California,Pasadena CA 91107 ,CA
Pasadena,California,Pasadena CA 91101 ,CA
Paso Robles,California,Paso Robles CA 93446 ,CA
Pico Rivera,California,Pico Rivera CA 90660 ,CA
Pinole,California,Pinole CA 94564 ,CA
Pittsburg,California,Pittsburg CA 94565 ,CA
Pleasant Hill,California,Pleasant Hill CA 94523 ,CA
Porterville,California,Porterville CA 93257 ,CA
Poway,California,Poway CA 92064 ,CA
Rancho Cordova,California,Rancho Cordova CA 95670 ,CA
Rancho Cucamonga,California,Rancho Cucamonga CA 91730 ,CA
Rancho Santa Margarita,California,Rancho Santa Margarita CA 92688 ,CA
Redding,California,Redding CA 96003 ,CA
Redlands,California,Redlands CA 92374 ,CA
Redondo Beach,California,Redondo Beach CA 90278 ,CA
Redwood City,California,Redwood City CA 94063 ,CA
Richmond,California,Richmond CA 94805 ,CA
Riverbank,California,Riverbank CA 95367 ,CA
Riverside,California,Riverside CA 92507 ,CA
Riverside,California,Riverside CA 92506 ,CA
Riverside,California,Riverside CA 92503 ,CA
Rohnert Park,California,Rohnert Park CA 94928 ,CA
Rosemead,California,Rosemead CA 91770 ,CA
Roseville,California,Roseville CA 95678 ,CA
Roseville,California,Roseville CA 95661 ,CA
Rowland Heights,California,Rowland Heights CA 91748 ,CA
Sacramento,California,Sacramento CA 95825 ,CA
Sacramento,California,Sacramento CA 95818 ,CA
Sacramento,California,Sacramento CA 95834 ,CA
Sacramento,California,Sacramento CA 95841 ,CA
Sacramento,California,Sacramento CA 95817 ,CA
Sacramento,California,Sacramento CA 95823 ,CA
Salinas,California,Salinas CA 93906 ,CA
San Bernardino,California,San Bernardino CA 92404 ,CA
San Bernardino,California,San Bernardino CA 92408 ,CA
San Bruno,California,San Bruno CA 94066 ,CA
San Clemente,California,San Clemente CA 92673 ,CA
San Diego,California,San Diego CA 92108 ,CA
San Diego,California,San Diego CA 92110 ,CA
San Diego,California,San Diego CA 92115 ,CA
San Diego,California,San Diego CA 92111 ,CA
San Diego,California,San Diego CA 92111 ,CA
San Diego,California,San Diego CA 92126 ,CA
San Dimas,California,San Dimas CA 91773 ,CA
San Jose,California,San Jose CA 95129 ,CA
San Jose,California,San Jose CA 95122 ,CA
San Jose,California,San Jose CA 95124 ,CA
San Jose,California,San Jose CA 95132 ,CA
San Jose,California,San Jose CA 95125 ,CA
San Jose,California,San Jose CA 95121 ,CA
San Jose,California,San Jose CA 95133 ,CA
San Jose,California,San Jose CA 95110 ,CA
San Jose,California,San Jose CA 95123 ,CA
San Jose,California,San Jose CA 95134 ,CA
San Leandro,California,San Leandro CA 94578 ,CA
San Luis Obispo,California,San Luis Obispo CA 93405 ,CA
San Mateo,California,San Mateo CA 94404 ,CA
San Pedro,California,San Pedro CA 90731 ,CA
San Ramon,California,San Ramon CA 94583 ,CA
Sand City,California,Sand City CA 93955 ,CA
Santa Ana,California,Santa Ana CA 92705 ,CA
Santa Ana,California,Santa Ana CA 92706 ,CA
Santa Ana,California,Santa Ana CA 92704 ,CA
Santa Clarita,California,Santa Clarita CA 91387 ,CA
Santa Fe Springs,California,Santa Fe Springs CA 90670 ,CA
Santa Maria,California,Santa Maria CA 93454 ,CA
Santa Rosa,California,Santa Rosa CA 95407 ,CA
Santee,California,Santee CA 92071 ,CA
Seal Beach,California,Seal Beach CA 90740 ,CA
Signal Hill,California,Signal Hill CA 90755 ,CA
Simi Valley,California,Simi Valley CA 93065 ,CA
Simi Valley,California,Simi Valley CA 93065 ,CA
South Gate,California,South Gate CA 90280 ,CA
Stockton,California,Stockton CA 95219 ,CA
Stockton,California,Stockton CA 95207 ,CA
Sunnyvale,California,Sunnyvale CA 94086 ,CA
Temecula,California,Temecula CA 92591 ,CA
Thousand Oaks,California,Thousand Oaks CA 91320 ,CA
Torrance,California,Torrance CA 90505 ,CA
Tracy,California,Tracy CA 95304 ,CA
Tulare,California,Tulare CA 93274 ,CA
Turlock,California,Turlock CA 95380 ,CA
Tustin,California,Tustin CA 92782 ,CA
Upland,California,Upland CA 91784 ,CA
Vacaville,California,Vacaville CA 95687 ,CA
Valencia,California,Valencia CA 91355 ,CA
Vallejo,California,Vallejo CA 94591 ,CA
Van Nuys,California,Van Nuys CA 91405 ,CA
Van Nuys,California,Van Nuys CA 91411 ,CA
Ventura,California,Ventura CA 93003 ,CA
Ventura,California,Ventura CA 93003 ,CA
Victorville,California,Victorville CA 92392 ,CA
Visalia,California,Visalia CA 93291 ,CA
Visalia,California,Visalia CA 93277 ,CA
Vista,California,Vista CA 92083 ,CA
Vista,California,Vista CA 92081 ,CA
Walnut Creek,California,Walnut Creek CA 94596 ,CA
Watsonville,California,Watsonville CA 95076 ,CA
West Covina,California,West Covina CA 91792 ,CA
West Covina,California,West Covina CA 91791 ,CA
West Hills,California,West Hills CA 91307 ,CA
West Hollywood,California,West Hollywood CA 90046 ,CA
West Sacramento,California,West Sacramento CA 95691 ,CA
Westminster,California,Westminster CA 92683 ,CA
Westminster,California,Westminster CA 92683 ,CA
Whittier,California,Whittier CA 90603 ,CA
Woodland,California,Woodland CA 95776 ,CA
Woodland Hills,California,Woodland Hills CA 91364 ,CA
Yuba City,California,Yuba City CA 95991 ,CA
Arvada,Colorado,Arvada CO 80003 ,CO
Aurora,Colorado,Aurora CO 80012 ,CO
Aurora,Colorado,Aurora CO 80012 ,CO
Aurora,Colorado,Aurora CO 80016 ,CO
Aurora,Colorado,Aurora CO 80015 ,CO
Aurora,Colorado,Aurora CO 80016 ,CO
Boulder,Colorado,Boulder CO 80301 ,CO
Brighton,Colorado,Brighton CO 80601 ,CO
Castle Rock,Colorado,Castle Rock CO 80108 ,CO
Colorado Springs,Colorado,Colorado Springs CO 80906 ,CO
Colorado Springs,Colorado,Colorado Springs CO 80909 ,CO
Colorado Springs,Colorado,Colorado Springs CO 80922 ,CO
Colorado Springs,Colorado,Colorado Springs CO 80918 ,CO
Colorado Springs,Colorado,Colorado Springs CO 80924 ,CO
Denver,Colorado,Denver CO 80238 ,CO
Denver,Colorado,Denver CO 80231 ,CO
Edgewater,Colorado,Edgewater CO 80214 ,CO
Englewood,Colorado,Englewood CO 80112 ,CO
Fort Collins,Colorado,Fort Collins CO 80525 ,CO
Fort Collins,Colorado,Fort Collins CO 80525 ,CO
Glendale,Colorado,Glendale CO 80246 ,CO
Glenwood Springs,Colorado,Glenwood Springs CO 81601 ,CO
Grand Junction,Colorado,Grand Junction CO 81505 ,CO
Greeley,Colorado,Greeley CO 80634 ,CO
Highlands Ranch,Colorado,Highlands Ranch CO 80129 ,CO
Highlands Ranch,Colorado,Highlands Ranch CO 80126 ,CO
Lakewood,Colorado,Lakewood CO 80401 ,CO
Lakewood,Colorado,Lakewood CO 80226 ,CO
Littleton,Colorado,Littleton CO 80123 ,CO
Lone Tree,Colorado,Lone Tree CO 80124 ,CO
Longmont,Colorado,Longmont CO 80501 ,CO
Loveland,Colorado,Loveland CO 80538 ,CO
Montrose,Colorado,Montrose CO 81401 ,CO
Parker,Colorado,Parker CO 80134 ,CO
Pueblo,Colorado,Pueblo CO 81008 ,CO
Sheridan,Colorado,Sheridan CO 80110 ,CO
Silverthorne,Colorado,Silverthorne CO 80497 ,CO
Superior,Colorado,Superior CO 80027 ,CO
Thornton,Colorado,Thornton CO 80233 ,CO
Westminster,Colorado,Westminster CO 80021 ,CO
Westminster,Colorado,Westminster CO 80023 ,CO
Wheat Ridge,Colorado,Wheat Ridge CO 80033 ,CO
Ansonia,Connecticut,Ansonia CT 06401 ,CT
Bethel,Connecticut,Bethel CT 06801 ,CT
Dayville,Connecticut,Dayville CT 06241 ,CT
Enfield,Connecticut,Enfield CT 06082 ,CT
Lisbon,Connecticut,Lisbon CT 06351 ,CT
Manchester,Connecticut,Manchester CT 06042 ,CT
Meriden,Connecticut,Meriden CT 06451 ,CT
Milford,Connecticut,Milford CT 06460 ,CT
New Britain,Connecticut,New Britain CT 06053 ,CT
Newington,Connecticut,Newington CT 06111 ,CT
North Haven,Connecticut,North Haven CT 06473 ,CT
Orange,Connecticut,Orange CT 06477 ,CT
Southington,Connecticut,Southington CT 06489 ,CT
Stamford,Connecticut,Stamford CT 06901 ,CT
Torrington,Connecticut,Torrington CT 06790 ,CT
Trumbull,Connecticut,Trumbull CT 06611 ,CT
Trumbull,Connecticut,Trumbull CT 06611 ,CT
Waterbury,Connecticut,Waterbury CT 06704 ,CT
Waterford,Connecticut,Waterford CT 06385 ,CT
Windsor,Connecticut,Windsor CT 06095 ,CT
Dover,Delaware,Dover DE 19901 ,DE
Newark,Delaware,Newark DE 19702 ,DE
Wilmington,Delaware,Wilmington DE 19803 ,DE
Altamonte Springs,Florida,Altamonte Springs FL 32714 ,FL
Aventura,Florida,Aventura FL 33180 ,FL
Boca Raton,Florida,Boca Raton FL 33428 ,FL
Boynton Beach,Florida,Boynton Beach FL 33437 ,FL
Boynton Beach,Florida,Boynton Beach FL 33426 ,FL
Bradenton,Florida,Bradenton FL 34207 ,FL
Brandon,Florida,Brandon FL 33511 ,FL
Cape Coral,Florida,Cape Coral FL 33909 ,FL
Cape Coral,Florida,Cape Coral FL 33914 ,FL
Casselberry,Florida,Casselberry FL 32707 ,FL
Clearwater,Florida,Clearwater FL 33759 ,FL
Clermont,Florida,Clermont FL 34711 ,FL
Coral Springs,Florida,Coral Springs FL 33073 ,FL
Coral Springs,Florida,Coral Springs FL 33076 ,FL
Davenport,Florida,Davenport FL 33837 ,FL
Davie,Florida,Davie FL 33328 ,FL
Daytona Beach,Florida,Daytona Beach FL 32114 ,FL
Deerfield Beach,Florida,Deerfield Beach FL 33441 ,FL
Deerfield Beach,Florida,Deerfield Beach FL 33442 ,FL
Delray Beach,Florida,Delray Beach FL 33444 ,FL
Destin,Florida,Destin FL 32541 ,FL
Estero,Florida,Estero FL 33928 ,FL
Fort Lauderdale,Florida,Fort Lauderdale FL 33306 ,FL
Fort Myers,Florida,Fort Myers FL 33913 ,FL
Fort Myers,Florida,Fort Myers FL 33912 ,FL
Ft Myers,Florida,Ft Myers FL 33908 ,FL
Ft Myers,Florida,Ft Myers FL 33905 ,FL
Gainesville,Florida,Gainesville FL 32608 ,FL
Greenacres,Florida,Greenacres FL 33463 ,FL
Hialeah,Florida,Hialeah FL 33012 ,FL
Hollywood,Florida,Hollywood FL 33021 ,FL
Jacksonville,Florida,Jacksonville FL 32257 ,FL
Jacksonville,Florida,Jacksonville FL 32224 ,FL
Jacksonville,Florida,Jacksonville FL 32225 ,FL
Jacksonville,Florida,Jacksonville FL 32246 ,FL
Jacksonville,Florida,Jacksonville FL 32244 ,FL
Jacksonville,Florida,Jacksonville FL 32256 ,FL
Jacksonville,Florida,Jacksonville FL 32222 ,FL
Jacksonville Beach,Florida,Jacksonville Beach FL 32250 ,FL
Kissimmee,Florida,Kissimmee FL 34741 ,FL
Kissimmee,Florida,Kissimmee FL 34747 ,FL
Kissimmee,Florida,Kissimmee FL 34746 ,FL
Lake Mary,Florida,Lake Mary FL 32746 ,FL
Lake Park,Florida,Lake Park FL 33403 ,FL
Lake Worth,Florida,Lake Worth FL 33449 ,FL
Lakeland,Florida,Lakeland FL 33803 ,FL
Lakeland,Florida,Lakeland FL 33809 ,FL
Largo,Florida,Largo FL 33771 ,FL
Lauderhill,Florida,Lauderhill FL 33351 ,FL
Leesburg,Florida,Leesburg FL 34788 ,FL
Lutz,Florida,Lutz FL 33548 ,FL
Mary Esther,Florida,Mary Esther FL 32569 ,FL
Melbourne Village,Florida,Melbourne Village FL 32904 ,FL
Merritt Island,Florida,Merritt Island FL 32953 ,FL
Miami,Florida,Miami FL 33196 ,FL
Miami,Florida,Miami FL 33189 ,FL
Miami,Florida,Miami FL 33127 ,FL
Miami,Florida,Miami FL 33155 ,FL
Miami,Florida,Miami FL 33143 ,FL
Miami Gardens,Florida,Miami Gardens FL 33055 ,FL
Miramar,Florida,Miramar FL 33027 ,FL
Mount Dora,Florida,Mount Dora FL 32757 ,FL
Naples,Florida,Naples FL 34109 ,FL
Naples,Florida,Naples FL 34119 ,FL
North Miami Beach,Florida,North Miami Beach FL 33181 ,FL
Ocala,Florida,Ocala FL 34471 ,FL
Odessa,Florida,Odessa FL 33556 ,FL
Orange City,Florida,Orange City FL 32763 ,FL
Orange Park,Florida,Orange Park FL 32003 ,FL
Orange Park,Florida,Orange Park FL 32073 ,FL
Orlando,Florida,Orlando FL 32806 ,FL
Orlando,Florida,Orlando FL 32837 ,FL
Orlando,Florida,Orlando FL 32828 ,FL
Orlando,Florida,Orlando FL 32839 ,FL
Orlando,Florida,Orlando FL 32803 ,FL
Orlando,Florida,Orlando FL 32809 ,FL
Oviedo,Florida,Oviedo FL 32765 ,FL
Pace,Florida,Pace FL 32571 ,FL
Palm Coast,Florida,Palm Coast FL 32164 ,FL
Palm Harbor,Florida,Palm Harbor FL 34685 ,FL
Panama City,Florida,Panama City FL 32405 ,FL
Panama City Beach,Florida,Panama City Beach FL 32413 ,FL
Pembroke Pines,Florida,Pembroke Pines FL 33026 ,FL
Pensacola,Florida,Pensacola FL 32514 ,FL
Pensacola,Florida,Pensacola FL 32506 ,FL
Pensacola,Florida,Pensacola FL 32503 ,FL
Pinellas Park,Florida,Pinellas Park FL 33781 ,FL
Plantation,Florida,Plantation FL 33324 ,FL
Port Charlotte,Florida,Port Charlotte FL 33948 ,FL
Port Orange,Florida,Port Orange FL 32127 ,FL
Port St Lucie,Florida,Port St Lucie FL 34987 ,FL
Riverview,Florida,Riverview FL 33578 ,FL
Saint Augustine,Florida,Saint Augustine FL 32084 ,FL
Saint Petersburg,Florida,Saint Petersburg FL 33709 ,FL
Saint Petersburg,Florida,Saint Petersburg FL 33702 ,FL
Sanford,Florida,Sanford FL 32771 ,FL
Sarasota,Florida,Sarasota FL 34243 ,FL
Sarasota,Florida,Sarasota FL 34232 ,FL
Sarasota,Florida,Sarasota FL 34238 ,FL
Spring Hill,Florida,Spring Hill FL 34604 ,FL
Spring Hill,Florida,Spring Hill FL 34606 ,FL
Stuart,Florida,Stuart FL 34994 ,FL
Sunrise,Florida,Sunrise FL 33323 ,FL
Tallahassee,Florida,Tallahassee FL 32301 ,FL
Tallahassee,Florida,Tallahassee FL 32309 ,FL
Tampa,Florida,Tampa FL 33635 ,FL
Tampa,Florida,Tampa FL 33613 ,FL
Tampa,Florida,Tampa FL 33618 ,FL
Tampa,Florida,Tampa FL 33607 ,FL
Tampa,Florida,Tampa FL 33611 ,FL
Tampa,Florida,Tampa FL 33634 ,FL
The Villages,Florida,The Villages FL 32159 ,FL
Titusville,Florida,Titusville FL 32780 ,FL
Trinity,Florida,Trinity FL 34655 ,FL
Venice,Florida,Venice FL 34293 ,FL
Vero Beach,Florida,Vero Beach FL 32966 ,FL
Viera,Florida,Viera FL 32940 ,FL
Wesley Chapel,Florida,Wesley Chapel FL 33543 ,FL
West Melbourne,Florida,West Melbourne FL 32904 ,FL
West Palm Beach,Florida,West Palm Beach FL 33411 ,FL
West Palm Beach,Florida,West Palm Beach FL 33401 ,FL
Winter Garden,Florida,Winter Garden FL 34787 ,FL
Winter Park,Florida,Winter Park FL 32792 ,FL
Yulee,Florida,Yulee FL 32097 ,FL
Acworth,Georgia,Acworth GA 30101 ,GA
Albany,Georgia,Albany GA 31707 ,GA
Alpharetta,Georgia,Alpharetta GA 30022 ,GA
Alpharetta,Georgia,Alpharetta GA 30022 ,GA
Athens,Georgia,Athens GA 30606 ,GA
Atlanta,Georgia,Atlanta GA 30346 ,GA
Atlanta,Georgia,Atlanta GA 30307 ,GA
Atlanta,Georgia,Atlanta GA 30329 ,GA
Atlanta,Georgia,Atlanta GA 30324 ,GA
Atlanta,Georgia,Atlanta GA 30326 ,GA
Atlanta,Georgia,Atlanta GA 30363 ,GA
Augusta,Georgia,Augusta GA 30909 ,GA
Austell,Georgia,Austell GA 30106 ,GA
Bethlehem,Georgia,Bethlehem GA 30620 ,GA
Brunswick,Georgia,Brunswick GA 31525 ,GA
Buford,Georgia,Buford GA 30519 ,GA
Canton,Georgia,Canton GA 30114 ,GA
Carrollton,Georgia,Carrollton GA 30117 ,GA
Cartersville,Georgia,Cartersville GA 30121 ,GA
Columbus,Georgia,Columbus GA 31904 ,GA
Conyers,Georgia,Conyers GA 30013 ,GA
Cumming,Georgia,Cumming GA 30041 ,GA
Douglasville,Georgia,Douglasville GA 30135 ,GA
Duluth,Georgia,Duluth GA 30097 ,GA
East Point,Georgia,East Point GA 30344 ,GA
Evans,Georgia,Evans GA 30809 ,GA
Fayetteville,Georgia,Fayetteville GA 30214 ,GA
Flowery Branch,Georgia,Flowery Branch GA 30542 ,GA
Gainesville,Georgia,Gainesville GA 30504 ,GA
Hiram,Georgia,Hiram GA 30141 ,GA
Kennesaw,Georgia,Kennesaw GA 30144 ,GA
Lawrenceville,Georgia,Lawrenceville GA 30043 ,GA
Lithonia,Georgia,Lithonia GA 30038 ,GA
Macon,Georgia,Macon GA 31206 ,GA
Marietta,Georgia,Marietta GA 30062 ,GA
Marietta,Georgia,Marietta GA 30064 ,GA
Marietta,Georgia,Marietta GA 30062 ,GA
Mcdonough,Georgia,Mcdonough GA 30253 ,GA
Milton,Georgia,Milton GA 30004 ,GA
Morrow,Georgia,Morrow GA 30260 ,GA
Newnan,Georgia,Newnan GA 30265 ,GA
Norcross,Georgia,Norcross GA 30092 ,GA
Peachtree City,Georgia,Peachtree City GA 30269 ,GA
Roswell,Georgia,Roswell GA 30075 ,GA
Sandy Springs,Georgia,Sandy Springs GA 30342 ,GA
Savannah,Georgia,Savannah GA 31419 ,GA
Savannah,Georgia,Savannah GA 31404 ,GA
Smyrna,Georgia,Smyrna GA 30080 ,GA
Snellville,Georgia,Snellville GA 30078 ,GA
Suwanee,Georgia,Suwanee GA 30024 ,GA
Tucker,Georgia,Tucker GA 30084 ,GA
Valdosta,Georgia,Valdosta GA 31601 ,GA
Warner Robins,Georgia,Warner Robins GA 31093 ,GA
Woodstock,Georgia,Woodstock GA 30189 ,GA
Hilo,Hawaii,Hilo HI 96720 ,HI
Honolulu,Hawaii,Honolulu HI 96818 ,HI
Kailua-Kona,Hawaii,Kailua-Kona HI 96740 ,HI
Kapolei,Hawaii,Kapolei HI 96707 ,HI
Boise,Idaho,Boise ID 83713 ,ID
Boise,Idaho,Boise ID 83704 ,ID
Coeur D Alene,Idaho,Coeur D Alene ID 83815 ,ID
Idaho Falls,Idaho,Idaho Falls ID 83406 ,ID
Nampa,Idaho,Nampa ID 83687 ,ID
Twin Falls,Idaho,Twin Falls ID 83301 ,ID
Algonquin,Illinois,Algonquin IL 60102 ,IL
Alton,Illinois,Alton IL 62002 ,IL
Arlington Heights,Illinois,Arlington Heights IL 60004 ,IL
Batavia,Illinois,Batavia IL 60510 ,IL
Bedford Park,Illinois,Bedford Park IL 60629 ,IL
Belleville,Illinois,Belleville IL 62226 ,IL
Bolingbrook,Illinois,Bolingbrook IL 60440 ,IL
Bourbonnais,Illinois,Bourbonnais IL 60914 ,IL
Broadview,Illinois,Broadview IL 60155 ,IL
Calumet City,Illinois,Calumet City IL 60409 ,IL
Champaign,Illinois,Champaign IL 61822 ,IL
Chicago,Illinois,Chicago IL 60607-2905 ,IL
Chicago,Illinois,Chicago IL 60603 ,IL
Chicago,Illinois,Chicago IL 60605 ,IL
Chicago,Illinois,Chicago IL 60643 ,IL
Chicago,Illinois,Chicago IL 60608 ,IL
Chicago,Illinois,Chicago IL 60659 ,IL
Chicago,Illinois,Chicago IL 60647 ,IL
Chicago,Illinois,Chicago IL 60618 ,IL
Chicago,Illinois,Chicago IL 60632 ,IL
Chicago,Illinois,Chicago IL 60640 ,IL
Chicago,Illinois,Chicago IL 60707 ,IL
Chicago,Illinois,Chicago IL 60619 ,IL
Cicero,Illinois,Cicero IL 60804 ,IL
Crestwood,Illinois,Crestwood IL 60445 ,IL
Crystal Lake,Illinois,Crystal Lake IL 60014 ,IL
Decatur,Illinois,Decatur IL 62526 ,IL
Dekalb,Illinois,Dekalb IL 60115 ,IL
East Peoria,Illinois,East Peoria IL 61611-2445 ,IL
Edwardsville,Illinois,Edwardsville IL 62025 ,IL
Elgin,Illinois,Elgin IL 60123 ,IL
Evanston,Illinois,Evanston IL 60202 ,IL
Fairview Heights,Illinois,Fairview Heights IL 62208 ,IL
Galesburg,Illinois,Galesburg IL 61401 ,IL
Glendale Heights,Illinois,Glendale Heights IL 60139 ,IL
Glenview,Illinois,Glenview IL 60025 ,IL
Gurnee,Illinois,Gurnee IL 60031 ,IL
Highland Park,Illinois,Highland Park IL 60035 ,IL
Hillside,Illinois,Hillside IL 60162 ,IL
Hodgkins,Illinois,Hodgkins IL 60525 ,IL
HoffMan Estates,Illinois,HoffMan Estates IL 60192 ,IL
Homewood,Illinois,Homewood IL 60430 ,IL
Joliet,Illinois,Joliet IL 60435 ,IL
Lake Zurich,Illinois,Lake Zurich IL 60047 ,IL
Lemont,Illinois,Lemont IL 60439 ,IL
Lombard,Illinois,Lombard IL 60148 ,IL
Machesney Park,Illinois,Machesney Park IL 61115 ,IL
Marion,Illinois,Marion IL 62959 ,IL
Matteson,Illinois,Matteson IL 60443 ,IL
Mchenry,Illinois,Mchenry IL 60051 ,IL
Melrose Park,Illinois,Melrose Park IL 60160 ,IL
Moline,Illinois,Moline IL 61265 ,IL
Mundelein,Illinois,Mundelein IL 60060 ,IL
Naperville,Illinois,Naperville IL 60540 ,IL
New Lenox,Illinois,New Lenox IL 60451 ,IL
Niles,Illinois,Niles IL 60714 ,IL
Niles,Illinois,Niles IL 60714 ,IL
Normal,Illinois,Normal IL 61761 ,IL
Norridge,Illinois,Norridge IL 60706 ,IL
North Aurora,Illinois,North Aurora IL 60542 ,IL
Oak Lawn,Illinois,Oak Lawn IL 60453 ,IL
Orland Park,Illinois,Orland Park IL 60462 ,IL
Oswego,Illinois,Oswego IL 60543 ,IL
Palatine,Illinois,Palatine IL 60074 ,IL
Peoria,Illinois,Peoria IL 61615 ,IL
Peru,Illinois,Peru IL 61354 ,IL
Plainfield,Illinois,Plainfield IL 60585 ,IL
Rockford,Illinois,Rockford IL 61108 ,IL
Romeoville,Illinois,Romeoville IL 60446 ,IL
Rosemont,Illinois,Rosemont IL 60018 ,IL
Schaumburg,Illinois,Schaumburg IL 60173 ,IL
Schaumburg,Illinois,Schaumburg IL 60194 ,IL
Shiloh,Illinois,Shiloh IL 62269 ,IL
Shorewood,Illinois,Shorewood IL 60431 ,IL
South Elgin,Illinois,South Elgin IL 60177 ,IL
Springfield,Illinois,Springfield IL 62704 ,IL
St Charles,Illinois,St Charles IL 60174 ,IL
Streamwood,Illinois,Streamwood IL 60107 ,IL
Tinley Park,Illinois,Tinley Park IL 60487 ,IL
Vernon Hills,Illinois,Vernon Hills IL 60061 ,IL
Villa Park,Illinois,Villa Park IL 60181 ,IL
Warrenville,Illinois,Warrenville IL 60555 ,IL
Waukegan,Illinois,Waukegan IL 60087 ,IL
West Dundee,Illinois,West Dundee IL 60118 ,IL
Wheaton,Illinois,Wheaton IL 60187 ,IL
Wheeling,Illinois,Wheeling IL 60090 ,IL
Willowbrook,Illinois,Willowbrook IL 60527 ,IL
Wood Dale,Illinois,Wood Dale IL 60191 ,IL
Woodridge,Illinois,Woodridge IL 60517 ,IL
Yorkville,Illinois,Yorkville IL 60560 ,IL
Anderson,Indiana,Anderson IN 46013 ,IN
Avon,Indiana,Avon IN 46123 ,IN
Bloomington,Indiana,Bloomington IN 47401 ,IN
Carmel,Indiana,Carmel IN 46032 ,IN
Carmel,Indiana,Carmel IN 46032 ,IN
Clarksville,Indiana,Clarksville IN 47129 ,IN
Columbus,Indiana,Columbus IN 47201 ,IN
Evansville,Indiana,Evansville IN 47710 ,IN
Evansville,Indiana,Evansville IN 47715 ,IN
Fishers,Indiana,Fishers IN 46038 ,IN
Fort Wayne,Indiana,Fort Wayne IN 46804 ,IN
Fort Wayne,Indiana,Fort Wayne IN 46805 ,IN
Fort Wayne,Indiana,Fort Wayne IN 46815 ,IN
Goshen,Indiana,Goshen IN 46526 ,IN
Granger,Indiana,Granger IN 46530 ,IN
Greenwood,Indiana,Greenwood IN 46143 ,IN
Highland,Indiana,Highland IN 46322 ,IN
Indianapolis,Indiana,Indianapolis IN 46229 ,IN
Indianapolis,Indiana,Indianapolis IN 46240 ,IN
Indianapolis,Indiana,Indianapolis IN 46237 ,IN
Indianapolis,Indiana,Indianapolis IN 46220 ,IN
Indianapolis,Indiana,Indianapolis IN 46254 ,IN
Indianapolis,Indiana,Indianapolis IN 46250 ,IN
Kokomo,Indiana,Kokomo IN 46902 ,IN
Lafayette,Indiana,Lafayette IN 47905 ,IN
Merrillville,Indiana,Merrillville IN 46410 ,IN
Muncie,Indiana,Muncie IN 47303 ,IN
Munster,Indiana,Munster IN 46321 ,IN
New Albany,Indiana,New Albany IN 47150 ,IN
Plainfield,Indiana,Plainfield IN 46168 ,IN
South Bend,Indiana,South Bend IN 46614 ,IN
St John,Indiana,St John IN 46373 ,IN
Valparaiso,Indiana,Valparaiso IN 46383 ,IN
Altoona,Iowa,Altoona IA 50009 ,IA
Ames,Iowa,Ames IA 50010 ,IA
Ankeny,Iowa,Ankeny IA 50021 ,IA
Cedar Falls,Iowa,Cedar Falls IA 50613 ,IA
Cedar Rapids,Iowa,Cedar Rapids IA 52402 ,IA
Cedar Rapids,Iowa,Cedar Rapids IA 52404 ,IA
Clinton,Iowa,Clinton IA 52732 ,IA
Coralville,Iowa,Coralville IA 52241 ,IA
Council Bluffs,Iowa,Council Bluffs IA 51501 ,IA
Davenport,Iowa,Davenport IA 52807 ,IA
Des Moines,Iowa,Des Moines IA 50315 ,IA
Des Moines,Iowa,Des Moines IA 50322 ,IA
Dubuque,Iowa,Dubuque IA 52003 ,IA
Fort Dodge,Iowa,Fort Dodge IA 50501 ,IA
Mason City,Iowa,Mason City IA 50401 ,IA
Ottumwa,Iowa,Ottumwa IA 52501 ,IA
Sioux City,Iowa,Sioux City IA 51106 ,IA
Urbandale,Iowa,Urbandale IA 50322 ,IA
Waterloo,Iowa,Waterloo IA 50702 ,IA
West Burlington,Iowa,West Burlington IA 52655 ,IA
West Des Moines,Iowa,West Des Moines IA 50266 ,IA
West Des Moines,Iowa,West Des Moines IA 50266 ,IA
Derby,Kansas,Derby KS 67037 ,KS
Garden City,Kansas,Garden City KS 67846 ,KS
Hutchinson,Kansas,Hutchinson KS 67501 ,KS
Kansas City,Kansas,Kansas City KS 66111 ,KS
Lawrence,Kansas,Lawrence KS 66046 ,KS
Manhattan,Kansas,Manhattan KS 66503 ,KS
Mission,Kansas,Mission KS 66202 ,KS
Olathe,Kansas,Olathe KS 66062 ,KS
Olathe,Kansas,Olathe KS 66062 ,KS
Overland Park,Kansas,Overland Park KS 66214 ,KS
Overland Park,Kansas,Overland Park KS 66213 ,KS
Overland Park,Kansas,Overland Park KS 66223 ,KS
Salina,Kansas,Salina KS 67401 ,KS
Shawnee,Kansas,Shawnee KS 66217 ,KS
Topeka,Kansas,Topeka KS 66614 ,KS
Wichita,Kansas,Wichita KS 67206 ,KS
Wichita,Kansas,Wichita KS 67205 ,KS
Wichita,Kansas,Wichita KS 67207 ,KS
Wichita,Kansas,Wichita KS 67209 ,KS
Bowling Green,Kentucky,Bowling Green KY 42104 ,KY
Elizabethtown,Kentucky,Elizabethtown KY 42701 ,KY
Florence,Kentucky,Florence KY 41042 ,KY
Lexington,Kentucky,Lexington KY 40503 ,KY
Lexington,Kentucky,Lexington KY 40509 ,KY
Louisville,Kentucky,Louisville KY 40243 ,KY
Louisville,Kentucky,Louisville KY 40218 ,KY
Louisville,Kentucky,Louisville KY 40241 ,KY
Louisville,Kentucky,Louisville KY 40207 ,KY
Louisville,Kentucky,Louisville KY 40220 ,KY
Louisville,Kentucky,Louisville KY 40219 ,KY
Louisville,Kentucky,Louisville KY 40258 ,KY
Newport,Kentucky,Newport KY 41071 ,KY
Owensboro,Kentucky,Owensboro KY 42301 ,KY
Alexandria,Louisiana,Alexandria LA 71301 ,LA
Baton Rouge,Louisiana,Baton Rouge LA 70816 ,LA
Baton Rouge,Louisiana,Baton Rouge LA 70809 ,LA
Bossier City,Louisiana,Bossier City LA 71111 ,LA
Covington,Louisiana,Covington LA 70433 ,LA
Hammond,Louisiana,Hammond LA 70403 ,LA
Harvey,Louisiana,Harvey LA 70058 ,LA
Houma,Louisiana,Houma LA 70360 ,LA
Kenner,Louisiana,Kenner LA 70065 ,LA
Lafayette,Louisiana,Lafayette LA 70501 ,LA
Lafayette,Louisiana,Lafayette LA 70508 ,LA
Lake Charles,Louisiana,Lake Charles LA 70601 ,LA
Metairie,Louisiana,Metairie LA 70006 ,LA
Monroe,Louisiana,Monroe LA 71203 ,LA
Shreveport,Louisiana,Shreveport LA 71105 ,LA
Slidell,Louisiana,Slidell LA 70460 ,LA
Augusta,Maine,Augusta ME 04330 ,ME
Bangor,Maine,Bangor ME 04401 ,ME
Biddeford,Maine,Biddeford ME 04005 ,ME
South Portland,Maine,South Portland ME 04106 ,ME
Topsham,Maine,Topsham ME 04086 ,ME
Aberdeen,Maryland,Aberdeen MD 21001 ,MD
Abingdon,Maryland,Abingdon MD 21009 ,MD
Annapolis,Maryland,Annapolis MD 21401 ,MD
Baltimore,Maryland,Baltimore MD 21215 ,MD
Baltimore,Maryland,Baltimore MD 21236 ,MD
Bel Air,Maryland,Bel Air MD 21014 ,MD
Bowie,Maryland,Bowie MD 20720 ,MD
Bowie,Maryland,Bowie MD 20716 ,MD
Brandywine,Maryland,Brandywine MD 20613 ,MD
California,Maryland,California MD 20619 ,MD
Cockeysville,Maryland,Cockeysville MD 21030 ,MD
Columbia,Maryland,Columbia MD 21045 ,MD
District Heights,Maryland,District Heights MD 20747 ,MD
Easton,Maryland,Easton MD 21601 ,MD
Ellicott City,Maryland,Ellicott City MD 21043 ,MD
Frederick,Maryland,Frederick MD 21704 ,MD
Gaithersburg,Maryland,Gaithersburg MD 20878 ,MD
Gambrills,Maryland,Gambrills MD 21054 ,MD
Germantown,Maryland,Germantown MD 20876 ,MD
Glen Burnie,Maryland,Glen Burnie MD 21061 ,MD
Glen Burnie,Maryland,Glen Burnie MD 21061 ,MD
Greenbelt,Maryland,Greenbelt MD 20770 ,MD
Hagerstown,Maryland,Hagerstown MD 21740 ,MD
Hyattsville,Maryland,Hyattsville MD 20782 ,MD
La Plata,Maryland,La Plata MD 20646 ,MD
Largo,Maryland,Largo MD 20774 ,MD
Laurel,Maryland,Laurel MD 20724 ,MD
Middle River,Maryland,Middle River MD 21220 ,MD
Owings Mills,Maryland,Owings Mills MD 21117 ,MD
Pikesville,Maryland,Pikesville MD 21208 ,MD
Rockville,Maryland,Rockville MD 20852 ,MD
Salisbury,Maryland,Salisbury MD 21804 ,MD
Silver Spring,Maryland,Silver Spring MD 20904 ,MD
Towson,Maryland,Towson MD 21286 ,MD
Waldorf,Maryland,Waldorf MD 20603 ,MD
Westminster,Maryland,Westminster MD 21157 ,MD
Wheaton,Maryland,Wheaton MD 20902 ,MD
Abington,Massachusetts,Abington MA 02351 ,MA
Braintree,Massachusetts,Braintree MA 02184 ,MA
Danvers,Massachusetts,Danvers MA 01923 ,MA
Dorchester,Massachusetts,Dorchester MA 02125 ,MA
Everett,Massachusetts,Everett MA 02149 ,MA
Framingham,Massachusetts,Framingham MA 01701 ,MA
Hadley,Massachusetts,Hadley MA 01035 ,MA
Hanover,Massachusetts,Hanover MA 02339 ,MA
Haverhill,Massachusetts,Haverhill MA 01832 ,MA
Holyoke,Massachusetts,Holyoke MA 01040 ,MA
Kingston,Massachusetts,Kingston MA 02364 ,MA
Lanesboro,Massachusetts,Lanesboro MA 01237 ,MA
Leominster,Massachusetts,Leominster MA 01453 ,MA
Lowell,Massachusetts,Lowell MA 01852 ,MA
Marlborough,Massachusetts,Marlborough MA 01752 ,MA
Marlborough,Massachusetts,Marlborough MA 01752 ,MA
Methuen,Massachusetts,Methuen MA 01844 ,MA
Milford,Massachusetts,Milford MA 01757 ,MA
Millbury,Massachusetts,Millbury MA 01527 ,MA
North Attleboro,Massachusetts,North Attleboro MA 02760 ,MA
North Dartmouth,Massachusetts,North Dartmouth MA 02747 ,MA
Plainville,Massachusetts,Plainville MA 02762 ,MA
Revere,Massachusetts,Revere MA 02151 ,MA
Salem,Massachusetts,Salem MA 01970 ,MA
Saugus,Massachusetts,Saugus MA 01906 ,MA
Seekonk,Massachusetts,Seekonk MA 02771 ,MA
Somerville,Massachusetts,Somerville MA 02143 ,MA
South Easton,Massachusetts,South Easton MA 02375 ,MA
Stoughton,Massachusetts,Stoughton MA 02072 ,MA
Swansea,Massachusetts,Swansea MA 02777 ,MA
Taunton,Massachusetts,Taunton MA 02780 ,MA
Wareham,Massachusetts,Wareham MA 02571 ,MA
Watertown,Massachusetts,Watertown MA 02472 ,MA
Westborough,Massachusetts,Westborough MA 01581 ,MA
Woburn,Massachusetts,Woburn MA 01801 ,MA
Worcester,Massachusetts,Worcester MA 01605 ,MA
Allen Park,Michigan,Allen Park MI 48101 ,MI
Ann Arbor,Michigan,Ann Arbor MI 48103 ,MI
Auburn Hills,Michigan,Auburn Hills MI 48326 ,MI
Battle Creek,Michigan,Battle Creek MI 49015 ,MI
Bay City,Michigan,Bay City MI 48706 ,MI
Benton Harbor,Michigan,Benton Harbor MI 49022 ,MI
Bloomfield Hills,Michigan,Bloomfield Hills MI 48302 ,MI
Brighton,Michigan,Brighton MI 48116 ,MI
Caledonia,Michigan,Caledonia MI 49316 ,MI
Canton,Michigan,Canton MI 48187 ,MI
Canton,Michigan,Canton MI 48188 ,MI
Chesterfield,Michigan,Chesterfield MI 48051 ,MI
Clinton Township,Michigan,Clinton Township MI 48035 ,MI
Dearborn,Michigan,Dearborn MI 48126 ,MI
Dearborn Heights,Michigan,Dearborn Heights MI 48127 ,MI
Farmington Hills,Michigan,Farmington Hills MI 48336 ,MI
Fenton,Michigan,Fenton MI 48430 ,MI
Flint,Michigan,Flint MI 48503 ,MI
Flint,Michigan,Flint MI 48507 ,MI
Fort Gratiot,Michigan,Fort Gratiot MI 48059 ,MI
Grand Rapids,Michigan,Grand Rapids MI 49512 ,MI
Grandville,Michigan,Grandville MI 49418 ,MI
Harper Woods,Michigan,Harper Woods MI 48225 ,MI
Holland,Michigan,Holland MI 49424 ,MI
Howell,Michigan,Howell MI 48843 ,MI
Jackson,Michigan,Jackson MI 49202 ,MI
Jenison,Michigan,Jenison MI 49428 ,MI
Kalamazoo,Michigan,Kalamazoo MI 49009 ,MI
Lansing,Michigan,Lansing MI 48911 ,MI
Lansing,Michigan,Lansing MI 48917 ,MI
Livonia,Michigan,Livonia MI 48152 ,MI
Livonia,Michigan,Livonia MI 48150 ,MI
Macomb,Michigan,Macomb MI 48044 ,MI
Madison Heights,Michigan,Madison Heights MI 48071 ,MI
Marquette,Michigan,Marquette MI 49855 ,MI
Midland,Michigan,Midland MI 48642 ,MI
Monroe,Michigan,Monroe MI 48162 ,MI
Mount Pleasant,Michigan,Mount Pleasant MI 48858 ,MI
Muskegon,Michigan,Muskegon MI 49444 ,MI
Novi,Michigan,Novi MI 48374 ,MI
Okemos,Michigan,Okemos MI 48864 ,MI
Portage,Michigan,Portage MI 49002 ,MI
Rochester Hills,Michigan,Rochester Hills MI 48307 ,MI
Saginaw,Michigan,Saginaw MI 48604 ,MI
Shelby Township,Michigan,Shelby Township MI 48315 ,MI
Shelby Township,Michigan,Shelby Township MI 48316 ,MI
Southfield,Michigan,Southfield MI 48075 ,MI
Southfield,Michigan,Southfield MI 48076 ,MI
Sterling Heights,Michigan,Sterling Heights MI 48310 ,MI
Sterling Heights,Michigan,Sterling Heights MI 48312 ,MI
Taylor,Michigan,Taylor MI 48180 ,MI
Traverse City,Michigan,Traverse City MI 49684 ,MI
Troy,Michigan,Troy MI 48084 ,MI
Walker,Michigan,Walker MI 49544 ,MI
Walled Lake,Michigan,Walled Lake MI 48390 ,MI
Warren,Michigan,Warren MI 48092 ,MI
Westland,Michigan,Westland MI 48185 ,MI
Woodhaven,Michigan,Woodhaven MI 48183 ,MI
Wyoming,Michigan,Wyoming MI 49509 ,MI
Ypsilanti,Michigan,Ypsilanti MI 48197 ,MI
Alexandria,Minnesota,Alexandria MN 56308 ,MN
Andover,Minnesota,Andover MN 55304 ,MN
Apple Valley,Minnesota,Apple Valley MN 55124 ,MN
Apple Valley,Minnesota,Apple Valley MN 55124 ,MN
Austin,Minnesota,Austin MN 55912 ,MN
Baxter,Minnesota,Baxter MN 56425 ,MN
Bemidji,Minnesota,Bemidji MN 56601 ,MN
Blaine,Minnesota,Blaine MN 55449 ,MN
Bloomington,Minnesota,Bloomington MN 55431 ,MN
Brooklyn Center,Minnesota,Brooklyn Center MN 55430 ,MN
Brooklyn Park,Minnesota,Brooklyn Park MN 55428 ,MN
Buffalo,Minnesota,Buffalo MN 55313 ,MN
Burnsville,Minnesota,Burnsville MN 55337 ,MN
Cambridge,Minnesota,Cambridge MN 55008 ,MN
Champlin,Minnesota,Champlin MN 55316 ,MN
Chanhassen,Minnesota,Chanhassen MN 55317 ,MN
Chaska,Minnesota,Chaska MN 55318 ,MN
Coon Rapids,Minnesota,Coon Rapids MN 55433 ,MN
Coon Rapids,Minnesota,Coon Rapids MN 55433 ,MN
Cottage Grove,Minnesota,Cottage Grove MN 55016 ,MN
Crystal,Minnesota,Crystal MN 55428 ,MN
Duluth,Minnesota,Duluth MN 55811 ,MN
Eagan,Minnesota,Eagan MN 55122 ,MN
Eden Prairie,Minnesota,Eden Prairie MN 55344 ,MN
Edina,Minnesota,Edina MN 55435 ,MN
Fergus Falls,Minnesota,Fergus Falls MN 56537 ,MN
Forest Lake,Minnesota,Forest Lake MN 55025 ,MN
Fridley,Minnesota,Fridley MN 55421 ,MN
Grand Rapids,Minnesota,Grand Rapids MN 55744 ,MN
Hastings,Minnesota,Hastings MN 55033 ,MN
Hutchinson,Minnesota,Hutchinson MN 55350 ,MN
Inver Grove Heights,Minnesota,Inver Grove Heights MN 55077 ,MN
Lakeville,Minnesota,Lakeville MN 55044 ,MN
Lino Lakes,Minnesota,Lino Lakes MN 55014 ,MN
Mankato,Minnesota,Mankato MN 56001 ,MN
Maple Grove,Minnesota,Maple Grove MN 55369 ,MN
Medina,Minnesota,Medina MN 55340 ,MN
Minneapolis,Minnesota,Minneapolis MN 55403 ,MN
Minneapolis,Minnesota,Minneapolis MN 55413 ,MN
Minneapolis,Minnesota,Minneapolis MN 55406 ,MN
Minneapolis,Minnesota,Minneapolis MN 55403 ,MN
Minnetonka,Minnesota,Minnetonka MN 55305 ,MN
Minnetonka,Minnesota,Minnetonka MN 55345 ,MN
Monticello,Minnesota,Monticello MN 55362 ,MN
Moorhead,Minnesota,Moorhead MN 56560 ,MN
New Ulm,Minnesota,New Ulm MN 56073 ,MN
North Saint Paul,Minnesota,North Saint Paul MN 55109 ,MN
Northfield,Minnesota,Northfield MN 55057 ,MN
Oakdale,Minnesota,Oakdale MN 55128 ,MN
Otsego,Minnesota,Otsego MN 55330 ,MN
Owatonna,Minnesota,Owatonna MN 55060 ,MN
Plymouth,Minnesota,Plymouth MN 55442 ,MN
Red Wing,Minnesota,Red Wing MN 55066 ,MN
Richfield,Minnesota,Richfield MN 55423 ,MN
Rochester,Minnesota,Rochester MN 55901 ,MN
Rochester,Minnesota,Rochester MN 55904 ,MN
Rogers,Minnesota,Rogers MN 55374 ,MN
Roseville,Minnesota,Roseville MN 55113 ,MN
Saint Cloud,Minnesota,Saint Cloud MN 56304 ,MN
Saint Cloud,Minnesota,Saint Cloud MN 56301 ,MN
Saint Louis Park,Minnesota,Saint Louis Park MN 55416 ,MN
Saint Paul,Minnesota,Saint Paul MN 55104 ,MN
Saint Paul,Minnesota,Saint Paul MN 55106 ,MN
Savage,Minnesota,Savage MN 55378 ,MN
Shakopee,Minnesota,Shakopee MN 55379 ,MN
Shoreview,Minnesota,Shoreview MN 55126 ,MN
St Louis Park,Minnesota,St Louis Park MN 55426 ,MN
Stillwater,Minnesota,Stillwater MN 55082 ,MN
Vadnais Heights,Minnesota,Vadnais Heights MN 55127 ,MN
Virginia,Minnesota,Virginia MN 55792 ,MN
Waconia,Minnesota,Waconia MN 55387 ,MN
West St Paul,Minnesota,West St Paul MN 55118 ,MN
Willmar,Minnesota,Willmar MN 56201 ,MN
Winona,Minnesota,Winona MN 55987 ,MN
Woodbury,Minnesota,Woodbury MN 55125 ,MN
Woodbury,Minnesota,Woodbury MN 55125 ,MN
Diberville,Mississippi,Diberville MS 39540 ,MS
Flowood,Mississippi,Flowood MS 39232 ,MS
Hattiesburg,Mississippi,Hattiesburg MS 39402 ,MS
Horn Lake,Mississippi,Horn Lake MS 38637 ,MS
Jackson,Mississippi,Jackson MS 39213 ,MS
Olive Branch,Mississippi,Olive Branch MS 38654 ,MS
Arnold,Missouri,Arnold MO 63010 ,MO
Ballwin,Missouri,Ballwin MO 63011 ,MO
Belton,Missouri,Belton MO 64012 ,MO
Blue Springs,Missouri,Blue Springs MO 64014 ,MO
Branson,Missouri,Branson MO 65616 ,MO
Brentwood,Missouri,Brentwood MO 63144 ,MO
Bridgeton,Missouri,Bridgeton MO 63044 ,MO
Cape Girardeau,Missouri,Cape Girardeau MO 63701 ,MO
Chesterfield,Missouri,Chesterfield MO 63017 ,MO
Chesterfield,Missouri,Chesterfield MO 63005 ,MO
Columbia,Missouri,Columbia MO 65203 ,MO
Dardenne Prairie,Missouri,Dardenne Prairie MO 63368 ,MO
Fenton,Missouri,Fenton MO 63026 ,MO
Florissant,Missouri,Florissant MO 63033 ,MO
Independence,Missouri,Independence MO 64055 ,MO
Jefferson City,Missouri,Jefferson City MO 65109 ,MO
Jennings,Missouri,Jennings MO 63136 ,MO
Joplin,Missouri,Joplin MO 64801 ,MO
Kansas City,Missouri,Kansas City MO 64145 ,MO
Kansas City,Missouri,Kansas City MO 64117 ,MO
Kansas City,Missouri,Kansas City MO 64155 ,MO
Kansas City,Missouri,Kansas City MO 64114 ,MO
Kansas City,Missouri,Kansas City MO 64154 ,MO
Kansas City,Missouri,Kansas City MO 64157 ,MO
Kirkwood,Missouri,Kirkwood MO 63122 ,MO
Lees Summit,Missouri,Lees Summit MO 64081 ,MO
O Fallon,Missouri,O Fallon MO 63368 ,MO
Osage Beach,Missouri,Osage Beach MO 65065 ,MO
Saint Charles,Missouri,Saint Charles MO 63303 ,MO
Saint Louis,Missouri,Saint Louis MO 63128 ,MO
Saint Louis,Missouri,Saint Louis MO 63109 ,MO
Saint Peters,Missouri,Saint Peters MO 63304 ,MO
Springfield,Missouri,Springfield MO 65804 ,MO
St Joseph,Missouri,St Joseph MO 64506 ,MO
Washington,Missouri,Washington MO 63090 ,MO
Wentzville,Missouri,Wentzville MO 63385 ,MO
Billings,Montana,Billings MT 59102 ,MT
Billings,Montana,Billings MT 59105 ,MT
Bozeman,Montana,Bozeman MT 59718 ,MT
Great Falls,Montana,Great Falls MT 59405 ,MT
Helena,Montana,Helena MT 59602 ,MT
Kalispell,Montana,Kalispell MT 59901 ,MT
Missoula,Montana,Missoula MT 59808 ,MT
Bellevue,Nebraska,Bellevue NE 68123 ,NE
Kearney,Nebraska,Kearney NE 68845 ,NE
Lincoln,Nebraska,Lincoln NE 68504 ,NE
Lincoln,Nebraska,Lincoln NE 68516 ,NE
Lincoln,Nebraska,Lincoln NE 68516 ,NE
Norfolk,Nebraska,Norfolk NE 68701 ,NE
Omaha,Nebraska,Omaha NE 68137 ,NE
Omaha,Nebraska,Omaha NE 68116 ,NE
Omaha,Nebraska,Omaha NE 68130 ,NE
Omaha,Nebraska,Omaha NE 68164 ,NE
Omaha,Nebraska,Omaha NE 68122 ,NE
Omaha,Nebraska,Omaha NE 68114 ,NE
Papillion,Nebraska,Papillion NE 68046 ,NE
Scottsbluff,Nebraska,Scottsbluff NE 69361 ,NE
Carson City,Nevada,Carson City NV 89705 ,NV
Henderson,Nevada,Henderson NV 89015 ,NV
Henderson,Nevada,Henderson NV 89014 ,NV
Henderson,Nevada,Henderson NV 89052 ,NV
Las Vegas,Nevada,Las Vegas NV 89104 ,NV
Las Vegas,Nevada,Las Vegas NV 89107 ,NV
Las Vegas,Nevada,Las Vegas NV 89129 ,NV
Las Vegas,Nevada,Las Vegas NV 89103 ,NV
Las Vegas,Nevada,Las Vegas NV 89119 ,NV
Las Vegas,Nevada,Las Vegas NV 89139 ,NV
Las Vegas,Nevada,Las Vegas NV 89147 ,NV
Las Vegas,Nevada,Las Vegas NV 89130 ,NV
Las Vegas,Nevada,Las Vegas NV 89131 ,NV
Las Vegas,Nevada,Las Vegas NV 89117 ,NV
Las Vegas,Nevada,Las Vegas NV 89183 ,NV
North Las Vegas,Nevada,North Las Vegas NV 89032 ,NV
North Las Vegas,Nevada,North Las Vegas NV 89084 ,NV
Reno,Nevada,Reno NV 89511 ,NV
Sparks,Nevada,Sparks NV 89434 ,NV
Bedford,New Hampshire,Bedford NH 03110 ,NH
Concord,New Hampshire,Concord NH 03301 ,NH
Greenland,New Hampshire,Greenland NH 03840 ,NH
Hooksett,New Hampshire,Hooksett NH 03106 ,NH
Keene,New Hampshire,Keene NH 03431 ,NH
Nashua,New Hampshire,Nashua NH 03060 ,NH
Nashua,New Hampshire,Nashua NH 03063 ,NH
Salem,New Hampshire,Salem NH 03079 ,NH
Somersworth,New Hampshire,Somersworth NH 03878 ,NH
Brick,New Jersey,Brick NJ 08723 ,NJ
Bridgewater,New Jersey,Bridgewater NJ 08807 ,NJ
Burlington,New Jersey,Burlington NJ 08016 ,NJ
Cherry Hill,New Jersey,Cherry Hill NJ 08002 ,NJ
Clark,New Jersey,Clark NJ 07066 ,NJ
Clifton,New Jersey,Clifton NJ 07014 ,NJ
Delran,New Jersey,Delran NJ 08075 ,NJ
Deptford,New Jersey,Deptford NJ 08096 ,NJ
East Hanover,New Jersey,East Hanover NJ 07936 ,NJ
East Windsor,New Jersey,East Windsor NJ 08520 ,NJ
Edgewater,New Jersey,Edgewater NJ 07020 ,NJ
Edison,New Jersey,Edison NJ 08837 ,NJ
Evesham,New Jersey,Evesham NJ 08053 ,NJ
Fairfield,New Jersey,Fairfield NJ 07004 ,NJ
Hackensack,New Jersey,Hackensack NJ 07601 ,NJ
Hackettstown,New Jersey,Hackettstown NJ 07840 ,NJ
Howell,New Jersey,Howell NJ 07731 ,NJ
Jersey City,New Jersey,Jersey City NJ 07310 ,NJ
Linden,New Jersey,Linden NJ 07036 ,NJ
Manahawkin,New Jersey,Manahawkin NJ 08050 ,NJ
Manalapan,New Jersey,Manalapan NJ 07726 ,NJ
Mays Landing,New Jersey,Mays Landing NJ 08330 ,NJ
Middletown,New Jersey,Middletown NJ 07748 ,NJ
Milltown,New Jersey,Milltown NJ 08850 ,NJ
Millville,New Jersey,Millville NJ 08332 ,NJ
Monmouth Junction,New Jersey,Monmouth Junction NJ 08852 ,NJ
Mount Laurel,New Jersey,Mount Laurel NJ 08054 ,NJ
North Bergen,New Jersey,North Bergen NJ 07047 ,NJ
Ocean,New Jersey,Ocean NJ 07712 ,NJ
Paramus,New Jersey,Paramus NJ 07652 ,NJ
Phillipsburg,New Jersey,Phillipsburg NJ 08865 ,NJ
Princeton,New Jersey,Princeton NJ 08540 ,NJ
Riverdale,New Jersey,Riverdale NJ 07457 ,NJ
Rockaway,New Jersey,Rockaway NJ 07866 ,NJ
Sewell,New Jersey,Sewell NJ 08080 ,NJ
Sicklerville,New Jersey,Sicklerville NJ 08081 ,NJ
South Plainfield,New Jersey,South Plainfield NJ 07080 ,NJ
Toms River,New Jersey,Toms River NJ 08753 ,NJ
Turnersville,New Jersey,Turnersville NJ 08012 ,NJ
Union,New Jersey,Union NJ 07083 ,NJ
Vauxhall,New Jersey,Vauxhall NJ 07088 ,NJ
Voorhees,New Jersey,Voorhees NJ 08043 ,NJ
Watchung,New Jersey,Watchung NJ 07069 ,NJ
Albuquerque,New Mexico,Albuquerque NM 87110-5402 ,NM
Albuquerque,New Mexico,Albuquerque NM 87112 ,NM
Albuquerque,New Mexico,Albuquerque NM 87113 ,NM
Albuquerque,New Mexico,Albuquerque NM 87111 ,NM
Albuquerque,New Mexico,Albuquerque NM 87114 ,NM
Farmington,New Mexico,Farmington NM 87402 ,NM
Las Cruces,New Mexico,Las Cruces NM 88011 ,NM
Rio Rancho,New Mexico,Rio Rancho NM 87124 ,NM
Roswell,New Mexico,Roswell NM 88201 ,NM
Santa Fe,New Mexico,Santa Fe NM 87507 ,NM
Amherst,New York,Amherst NY 14228 ,NY
Amsterdam,New York,Amsterdam NY 12010 ,NY
Batavia,New York,Batavia NY 14020 ,NY
Bay Shore,New York,Bay Shore NY 11706 ,NY
Bronx,New York,Bronx NY 10463 ,NY
Bronx,New York,Bronx NY 10451 ,NY
Brooklyn,New York,Brooklyn NY 11217 ,NY
Brooklyn,New York,Brooklyn NY 11210 ,NY
Brooklyn,New York,Brooklyn NY 11239 ,NY
Buffalo,New York,Buffalo NY 14216 ,NY
Central Islip,New York,Central Islip NY 11722 ,NY
Cheektowaga,New York,Cheektowaga NY 14225 ,NY
Cicero,New York,Cicero NY 13039 ,NY
Clifton Park,New York,Clifton Park NY 12065 ,NY
College Point,New York,College Point NY 11356 ,NY
Colonie,New York,Colonie NY 12205 ,NY
Commack,New York,Commack NY 11725 ,NY
Commack,New York,Commack NY 11725 ,NY
Copiague,New York,Copiague NY 11726 ,NY
Depew,New York,Depew NY 14043 ,NY
Elmhurst,New York,Elmhurst NY 11373 ,NY
Elmira,New York,Elmira NY 14903 ,NY
Fairport,New York,Fairport NY 14450 ,NY
Farmingdale,New York,Farmingdale NY 11735 ,NY
Fayetteville,New York,Fayetteville NY 13066 ,NY
Flushing,New York,Flushing NY 11354 ,NY
Hicksville,New York,Hicksville NY 11801 ,NY
Irondequoit,New York,Irondequoit NY 14622 ,NY
Ithaca,New York,Ithaca NY 14850 ,NY
Kingston,New York,Kingston NY 12401 ,NY
Latham,New York,Latham NY 12110 ,NY
Levittown,New York,Levittown NY 11756 ,NY
Liverpool,New York,Liverpool NY 13090 ,NY
Medford,New York,Medford NY 11763 ,NY
Middletown,New York,Middletown NY 10941 ,NY
Monroe,New York,Monroe NY 10950 ,NY
Mount Kisco,New York,Mount Kisco NY 10549 ,NY
Mount Vernon,New York,Mount Vernon NY 10550 ,NY
New Hartford,New York,New Hartford NY 13413 ,NY
New York,New York,New York NY 10035 ,NY
Newburgh,New York,Newburgh NY 12550 ,NY
Niagara Falls,New York,Niagara Falls NY 14304 ,NY
Orchard Park,New York,Orchard Park NY 14127 ,NY
Plattsburgh,New York,Plattsburgh NY 12901 ,NY
Poughkeepsie,New York,Poughkeepsie NY 12601 ,NY
Queensbury,New York,Queensbury NY 12804 ,NY
Rensselaer,New York,Rensselaer NY 12144 ,NY
Riverhead,New York,Riverhead NY 11901 ,NY
Rochester,New York,Rochester NY 14623 ,NY
Rochester,New York,Rochester NY 14624 ,NY
Rochester,New York,Rochester NY 14626 ,NY
Saratoga Springs,New York,Saratoga Springs NY 12866 ,NY
Schenectady,New York,Schenectady NY 12304 ,NY
South Setauket,New York,South Setauket NY 11720 ,NY
Spring Valley,New York,Spring Valley NY 10977 ,NY
Staten Island,New York,Staten Island NY 10309 ,NY
Syracuse,New York,Syracuse NY 13219 ,NY
Vestal,New York,Vestal NY 13850 ,NY
Victor,New York,Victor NY 14564 ,NY
Watertown,New York,Watertown NY 13601 ,NY
Webster,New York,Webster NY 14580 ,NY
West Nyack,New York,West Nyack NY 10994 ,NY
Westbury,New York,Westbury NY 11590 ,NY
White Plains,New York,White Plains NY 10601 ,NY
Williamsville,New York,Williamsville NY 14221 ,NY
Apex,North Carolina,Apex NC 27502 ,NC
Arden,North Carolina,Arden NC 28704 ,NC
Asheville,North Carolina,Asheville NC 28805 ,NC
Burlington,North Carolina,Burlington NC 27215 ,NC
Cary,North Carolina,Cary NC 27518 ,NC
Charlotte,North Carolina,Charlotte NC 28273 ,NC
Charlotte,North Carolina,Charlotte NC 28277 ,NC
Charlotte,North Carolina,Charlotte NC 28213 ,NC
Charlotte,North Carolina,Charlotte NC 28227 ,NC
Charlotte,North Carolina,Charlotte NC 28204 ,NC
Charlotte,North Carolina,Charlotte NC 28273 ,NC
Charlotte,North Carolina,Charlotte NC 28216 ,NC
Charlotte,North Carolina,Charlotte NC 28277 ,NC
Concord,North Carolina,Concord NC 28027 ,NC
Durham,North Carolina,Durham NC 27707 ,NC
Durham,North Carolina,Durham NC 27713 ,NC
Fayetteville,North Carolina,Fayetteville NC 28314 ,NC
Garner,North Carolina,Garner NC 27529 ,NC
Garner,North Carolina,Garner NC 27529 ,NC
Gastonia,North Carolina,Gastonia NC 28054 ,NC
Gastonia,North Carolina,Gastonia NC 28054 ,NC
Goldsboro,North Carolina,Goldsboro NC 27534 ,NC
Greensboro,North Carolina,Greensboro NC 27407 ,NC
Greensboro,North Carolina,Greensboro NC 27410 ,NC
Greensboro,North Carolina,Greensboro NC 27408 ,NC
Greenville,North Carolina,Greenville NC 27834 ,NC
Hickory,North Carolina,Hickory NC 28602 ,NC
High Point,North Carolina,High Point NC 27262 ,NC
Holly Springs,North Carolina,Holly Springs NC 27540-4416 ,NC
Huntersville,North Carolina,Huntersville NC 28078 ,NC
Jacksonville,North Carolina,Jacksonville NC 28546 ,NC
Kernersville,North Carolina,Kernersville NC 27284 ,NC
Knightdale,North Carolina,Knightdale NC 27545 ,NC
Matthews,North Carolina,Matthews NC 28105 ,NC
Monroe,North Carolina,Monroe NC 28110 ,NC
Mooresville,North Carolina,Mooresville NC 28117 ,NC
Morrisville,North Carolina,Morrisville NC 27560 ,NC
New Bern,North Carolina,New Bern NC 28562 ,NC
Raleigh,North Carolina,Raleigh NC 27609 ,NC
Raleigh,North Carolina,Raleigh NC 27613 ,NC
Raleigh,North Carolina,Raleigh NC 27616 ,NC
Raleigh,North Carolina,Raleigh NC 27617 ,NC
Rocky Mount,North Carolina,Rocky Mount NC 27804 ,NC
Wake Forest,North Carolina,Wake Forest NC 27587 ,NC
Wesley Chapel,North Carolina,Wesley Chapel NC 28104 ,NC
Wilmington,North Carolina,Wilmington NC 28405 ,NC
Wilson,North Carolina,Wilson NC 27896 ,NC
Winston Salem,North Carolina,Winston Salem NC 27103 ,NC
Winston Salem,North Carolina,Winston Salem NC 27105 ,NC
Bismarck,North Dakota,Bismarck ND 58504 ,ND
Fargo,North Dakota,Fargo ND 58103 ,ND
Grand Forks,North Dakota,Grand Forks ND 58201 ,ND
Minot,North Dakota,Minot ND 58701 ,ND
Akron,Ohio,Akron OH 44312 ,OH
Amherst,Ohio,Amherst OH 44001 ,OH
Aurora,Ohio,Aurora OH 44202 ,OH
Avon,Ohio,Avon OH 44011 ,OH
Beavercreek,Ohio,Beavercreek OH 45431 ,OH
Blue Ash,Ohio,Blue Ash OH 45236 ,OH
Boardman,Ohio,Boardman OH 44512 ,OH
Cincinnati,Ohio,Cincinnati OH 45209 ,OH
Cincinnati,Ohio,Cincinnati OH 45211 ,OH
Cincinnati,Ohio,Cincinnati OH 45255 ,OH
Cincinnati,Ohio,Cincinnati OH 45251 ,OH
Cincinnati,Ohio,Cincinnati OH 45249 ,OH
Cleveland,Ohio,Cleveland OH 44111 ,OH
Cleveland,Ohio,Cleveland OH 44109 ,OH
Columbus,Ohio,Columbus OH 43240 ,OH
Columbus,Ohio,Columbus OH 43212 ,OH
Columbus,Ohio,Columbus OH 43228 ,OH
Columbus,Ohio,Columbus OH 43219 ,OH
Columbus,Ohio,Columbus OH 43214 ,OH
Cuyahoga Falls,Ohio,Cuyahoga Falls OH 44221 ,OH
Dayton,Ohio,Dayton OH 45459 ,OH
Dayton,Ohio,Dayton OH 45440 ,OH
Dublin,Ohio,Dublin OH 43017 ,OH
Elyria,Ohio,Elyria OH 44035 ,OH
Fairlawn,Ohio,Fairlawn OH 44333 ,OH
Fairview Park,Ohio,Fairview Park OH 44126 ,OH
Grove City,Ohio,Grove City OH 43123 ,OH
Hamilton,Ohio,Hamilton OH 45011 ,OH
Heath,Ohio,Heath OH 43056 ,OH
Hilliard,Ohio,Hilliard OH 43026 ,OH
Hilliard,Ohio,Hilliard OH 43026 ,OH
Holland,Ohio,Holland OH 43528 ,OH
Huber Heights,Ohio,Huber Heights OH 45424 ,OH
Lancaster,Ohio,Lancaster OH 43130 ,OH
Mansfield,Ohio,Mansfield OH 44903 ,OH
Massillon,Ohio,Massillon OH 44646 ,OH
Mayfield Heights,Ohio,Mayfield Heights OH 44124 ,OH
Medina,Ohio,Medina OH 44256 ,OH
Mentor,Ohio,Mentor OH 44060 ,OH
Middletown,Ohio,Middletown OH 45044 ,OH
Milford,Ohio,Milford OH 45150 ,OH
Niles,Ohio,Niles OH 44446 ,OH
North Canton,Ohio,North Canton OH 44720 ,OH
North Olmsted,Ohio,North Olmsted OH 44070 ,OH
Northfield,Ohio,Northfield OH 44067 ,OH
Parma,Ohio,Parma OH 44129 ,OH
Reynoldsburg,Ohio,Reynoldsburg OH 43068 ,OH
Reynoldsburg,Ohio,Reynoldsburg OH 43068 ,OH
Rossford,Ohio,Rossford OH 43460 ,OH
Sandusky,Ohio,Sandusky OH 44870 ,OH
South Lebanon,Ohio,South Lebanon OH 45065 ,OH
Springdale,Ohio,Springdale OH 45246 ,OH
Springfield,Ohio,Springfield OH 45504 ,OH
Stow,Ohio,Stow OH 44224 ,OH
Streetsboro,Ohio,Streetsboro OH 44241 ,OH
Strongsville,Ohio,Strongsville OH 44136 ,OH
Toledo,Ohio,Toledo OH 43623 ,OH
Toledo,Ohio,Toledo OH 43612 ,OH
Trotwood,Ohio,Trotwood OH 45426 ,OH
University Heights,Ohio,University Heights OH 44118 ,OH
Wadsworth,Ohio,Wadsworth OH 44281 ,OH
West Chester,Ohio,West Chester OH 45069 ,OH
Whitehall,Ohio,Whitehall OH 43213 ,OH
Willoughby,Ohio,Willoughby OH 44094 ,OH
Broken Arrow,Oklahoma,Broken Arrow OK 74012 ,OK
Edmond,Oklahoma,Edmond OK 73034 ,OK
Lawton,Oklahoma,Lawton OK 73505 ,OK
Midwest City,Oklahoma,Midwest City OK 73110 ,OK
Moore,Oklahoma,Moore OK 73160 ,OK
Norman,Oklahoma,Norman OK 73069 ,OK
Oklahoma City,Oklahoma,Oklahoma City OK 73134 ,OK
Oklahoma City,Oklahoma,Oklahoma City OK 73112 ,OK
Oklahoma City,Oklahoma,Oklahoma City OK 73109 ,OK
Oklahoma City,Oklahoma,Oklahoma City OK 73132 ,OK
Owasso,Oklahoma,Owasso OK 74055 ,OK
Tulsa,Oklahoma,Tulsa OK 74133 ,OK
Tulsa,Oklahoma,Tulsa OK 74133 ,OK
Tulsa,Oklahoma,Tulsa OK 74112 ,OK
Tulsa,Oklahoma,Tulsa OK 74132 ,OK
Yukon,Oklahoma,Yukon OK 73099 ,OK
Albany,Oregon,Albany OR 97322 ,OR
Beaverton,Oregon,Beaverton OR 97005 ,OR
Beaverton,Oregon,Beaverton OR 97006 ,OR
Bend,Oregon,Bend OR 97701 ,OR
Clackamas,Oregon,Clackamas OR 97015 ,OR
Eugene,Oregon,Eugene OR 97402 ,OR
Fairview,Oregon,Fairview OR 97024 ,OR
Hillsboro,Oregon,Hillsboro OR 97123 ,OR
Keizer,Oregon,Keizer OR 97303 ,OR
Medford,Oregon,Medford OR 97504 ,OR
Portland,Oregon,Portland OR 97217-8296 ,OR
Portland,Oregon,Portland OR 97205 ,OR
Portland,Oregon,Portland OR 97220 ,OR
Portland,Oregon,Portland OR 97217 ,OR
Portland,Oregon,Portland OR 97220 ,OR
Portland,Oregon,Portland OR 97216 ,OR
Salem,Oregon,Salem OR 97301 ,OR
Sherwood,Oregon,Sherwood OR 97140 ,OR
Springfield,Oregon,Springfield OR 97477 ,OR
Tigard,Oregon,Tigard OR 97223 ,OR
Wilsonville,Oregon,Wilsonville OR 97070 ,OR
Abington,Pennsylvania,Abington PA 19001 ,PA
Allentown,Pennsylvania,Allentown PA 18104 ,PA
Allentown,Pennsylvania,Allentown PA 18109 ,PA
Altoona,Pennsylvania,Altoona PA 16601 ,PA
Bensalem,Pennsylvania,Bensalem PA 19020 ,PA
Butler,Pennsylvania,Butler PA 16001 ,PA
Carlisle,Pennsylvania,Carlisle PA 17013 ,PA
Chambersburg,Pennsylvania,Chambersburg PA 17201 ,PA
Cranberry Twp,Pennsylvania,Cranberry Twp PA 16066 ,PA
Dickson City,Pennsylvania,Dickson City PA 18519 ,PA
East Liberty,Pennsylvania,East Liberty PA 15206 ,PA
Easton,Pennsylvania,Easton PA 18045 ,PA
Erie,Pennsylvania,Erie PA 16509 ,PA
Exton,Pennsylvania,Exton PA 19341 ,PA
Exton,Pennsylvania,Exton PA 19341 ,PA
Gibsonia,Pennsylvania,Gibsonia PA 15044 ,PA
Glen Mills,Pennsylvania,Glen Mills PA 19342 ,PA
Greensburg,Pennsylvania,Greensburg PA 15601 ,PA
Hanover,Pennsylvania,Hanover PA 17331 ,PA
Harrisburg,Pennsylvania,Harrisburg PA 17111 ,PA
Harrisburg,Pennsylvania,Harrisburg PA 17112 ,PA
Homestead,Pennsylvania,Homestead PA 15120 ,PA
Lancaster,Pennsylvania,Lancaster PA 17602 ,PA
Langhorne,Pennsylvania,Langhorne PA 19047 ,PA
Lititz,Pennsylvania,Lititz PA 17543 ,PA
Malvern,Pennsylvania,Malvern PA 19355 ,PA
Mechanicsburg,Pennsylvania,Mechanicsburg PA 17050 ,PA
Monaca,Pennsylvania,Monaca PA 15061 ,PA
Monroeville,Pennsylvania,Monroeville PA 15146 ,PA
Muncy,Pennsylvania,Muncy PA 17756 ,PA
North Huntingdon,Pennsylvania,North Huntingdon PA 15642 ,PA
North Wales,Pennsylvania,North Wales PA 19454 ,PA
Oaks,Pennsylvania,Oaks PA 19456 ,PA
Philadelphia,Pennsylvania,Philadelphia PA 19148 ,PA
Philadelphia,Pennsylvania,Philadelphia PA 19116 ,PA
Philadelphia,Pennsylvania,Philadelphia PA 19150 ,PA
Philadelphia,Pennsylvania,Philadelphia PA 19134 ,PA
Philadelphia,Pennsylvania,Philadelphia PA 19131 ,PA
Philadelphia,Pennsylvania,Philadelphia PA 19152 ,PA
Pittsburgh,Pennsylvania,Pittsburgh PA 15241-1408 ,PA
Pittsburgh,Pennsylvania,Pittsburgh PA 15238 ,PA
Pittsburgh,Pennsylvania,Pittsburgh PA 15237 ,PA
Pittsburgh,Pennsylvania,Pittsburgh PA 15237 ,PA
Pittsburgh,Pennsylvania,Pittsburgh PA 15275 ,PA
Pittsburgh,Pennsylvania,Pittsburgh PA 15237 ,PA
Plymouth Meeting,Pennsylvania,Plymouth Meeting PA 19462 ,PA
Pottstown,Pennsylvania,Pottstown PA 19464 ,PA
Quakertown,Pennsylvania,Quakertown PA 18951 ,PA
Reading,Pennsylvania,Reading PA 19606 ,PA
Royersford,Pennsylvania,Royersford PA 19468 ,PA
Selinsgrove,Pennsylvania,Selinsgrove PA 17870 ,PA
Springfield,Pennsylvania,Springfield PA 19064 ,PA
Springfield,Pennsylvania,Springfield PA 19064 ,PA
State College,Pennsylvania,State College PA 16803 ,PA
Stroudsburg,Pennsylvania,Stroudsburg PA 18360 ,PA
Temple,Pennsylvania,Temple PA 19560 ,PA
Uniontown,Pennsylvania,Uniontown PA 15401 ,PA
Warrington,Pennsylvania,Warrington PA 18976 ,PA
Washington,Pennsylvania,Washington PA 15301 ,PA
West Mifflin,Pennsylvania,West Mifflin PA 15236 ,PA
Wilkes-Barre Township,Pennsylvania,Wilkes-Barre Township PA 18702 ,PA
Wyomissing,Pennsylvania,Wyomissing PA 19610 ,PA
York,Pennsylvania,York PA 17408 ,PA
York,Pennsylvania,York PA 17402 ,PA
Lincoln,Rhode Island,Lincoln RI 02865 ,RI
Smithfield,Rhode Island,Smithfield RI 02917 ,RI
Warwick,Rhode Island,Warwick RI 02886 ,RI
Warwick,Rhode Island,Warwick RI 02886 ,RI
Aiken,South Carolina,Aiken SC 29803 ,SC
Anderson,South Carolina,Anderson SC 29621 ,SC
Bluffton,South Carolina,Bluffton SC 29910 ,SC
Charleston,South Carolina,Charleston SC 29407 ,SC
Columbia,South Carolina,Columbia SC 29229 ,SC
Columbia,South Carolina,Columbia SC 29212 ,SC
Columbia,South Carolina,Columbia SC 29209 ,SC
Florence,South Carolina,Florence SC 29501 ,SC
Greenville,South Carolina,Greenville SC 29607 ,SC
Lexington,South Carolina,Lexington SC 29072 ,SC
Mount Pleasant,South Carolina,Mount Pleasant SC 29464 ,SC
Myrtle Beach,South Carolina,Myrtle Beach SC 29577 ,SC
Myrtle Beach,South Carolina,Myrtle Beach SC 29588 ,SC
North Charleston,South Carolina,North Charleston SC 29406 ,SC
Rock Hill,South Carolina,Rock Hill SC 29730 ,SC
Simpsonville,South Carolina,Simpsonville SC 29680 ,SC
Spartanburg,South Carolina,Spartanburg SC 29301 ,SC
Summerville,South Carolina,Summerville SC 29483 ,SC
Taylors,South Carolina,Taylors SC 29687 ,SC
Aberdeen,South Dakota,Aberdeen SD 57401 ,SD
Rapid City,South Dakota,Rapid City SD 57703 ,SD
Sioux Falls,South Dakota,Sioux Falls SD 57110 ,SD
Sioux Falls,South Dakota,Sioux Falls SD 57106 ,SD
Watertown,South Dakota,Watertown SD 57201 ,SD
Brentwood,Tennessee,Brentwood TN 37027 ,TN
Cane Ridge,Tennessee,Cane Ridge TN 37013 ,TN
Chattanooga,Tennessee,Chattanooga TN 37421 ,TN
Clarksville,Tennessee,Clarksville TN 37040 ,TN
Cleveland,Tennessee,Cleveland TN 37312 ,TN
Collierville,Tennessee,Collierville TN 38017 ,TN
Cordova,Tennessee,Cordova TN 38018 ,TN
Franklin,Tennessee,Franklin TN 37067 ,TN
Franklin,Tennessee,Franklin TN 37064 ,TN
Germantown,Tennessee,Germantown TN 38138 ,TN
Hendersonville,Tennessee,Hendersonville TN 37075 ,TN
Hixson,Tennessee,Hixson TN 37343 ,TN
Jackson,Tennessee,Jackson TN 38305 ,TN
Johnson City,Tennessee,Johnson City TN 37601 ,TN
Kingsport,Tennessee,Kingsport TN 37660 ,TN
Knoxville,Tennessee,Knoxville TN 37934 ,TN
Knoxville,Tennessee,Knoxville TN 37922 ,TN
Knoxville,Tennessee,Knoxville TN 37918 ,TN
Knoxville,Tennessee,Knoxville TN 37912 ,TN
Knoxville,Tennessee,Knoxville TN 37919 ,TN
Madison,Tennessee,Madison TN 37115 ,TN
Maryville,Tennessee,Maryville TN 37801 ,TN
Memphis,Tennessee,Memphis TN 38119 ,TN
Memphis,Tennessee,Memphis TN 38117 ,TN
Memphis,Tennessee,Memphis TN 38125 ,TN
Memphis,Tennessee,Memphis TN 38133 ,TN
Mount Juliet,Tennessee,Mount Juliet TN 37122 ,TN
Murfreesboro,Tennessee,Murfreesboro TN 37129 ,TN
Nashville,Tennessee,Nashville TN 37205 ,TN
Nashville,Tennessee,Nashville TN 37214 ,TN
Nashville,Tennessee,Nashville TN 37209 ,TN
Smyrna,Tennessee,Smyrna TN 37167 ,TN
Spring Hill,Tennessee,Spring Hill TN 37174 ,TN
Abilene,Texas,Abilene TX 79606 ,TX
Addison,Texas,Addison TX 75001 ,TX
Allen,Texas,Allen TX 75002 ,TX
Allen,Texas,Allen TX 75013 ,TX
Amarillo,Texas,Amarillo TX 79121 ,TX
Arlington,Texas,Arlington TX 76015 ,TX
Atascocita,Texas,Atascocita TX 77346 ,TX
Austin,Texas,Austin TX 78759 ,TX
Austin,Texas,Austin TX 78717 ,TX
Austin,Texas,Austin TX 78730 ,TX
Austin,Texas,Austin TX 78753 ,TX
Austin,Texas,Austin TX 78704 ,TX
Austin,Texas,Austin TX 78749 ,TX
Austin,Texas,Austin TX 78723 ,TX
Austin,Texas,Austin TX 78758 ,TX
Austin,Texas,Austin TX 78748 ,TX
Balcones Heights,Texas,Balcones Heights TX 78201 ,TX
Baytown,Texas,Baytown TX 77521 ,TX
Beaumont,Texas,Beaumont TX 77708 ,TX
Bee Cave,Texas,Bee Cave TX 78738 ,TX
Brownsville,Texas,Brownsville TX 78526 ,TX
Bryan,Texas,Bryan TX 77802 ,TX
Burleson,Texas,Burleson TX 76028 ,TX
Carrollton,Texas,Carrollton TX 75007 ,TX
Cedar Hill,Texas,Cedar Hill TX 75104 ,TX
Cedar Park,Texas,Cedar Park TX 78613 ,TX
Clear Lake Shores,Texas,Clear Lake Shores TX 77565 ,TX
College Station,Texas,College Station TX 77840 ,TX
Conroe,Texas,Conroe TX 77304 ,TX
Corpus Christi,Texas,Corpus Christi TX 78411 ,TX
Cypress,Texas,Cypress TX 77429 ,TX
Dallas,Texas,Dallas TX 75240 ,TX
Dallas,Texas,Dallas TX 75248 ,TX
Dallas,Texas,Dallas TX 75214 ,TX
Dallas,Texas,Dallas TX 75204 ,TX
Dallas,Texas,Dallas TX 75237 ,TX
Dallas,Texas,Dallas TX 75231 ,TX
Dallas,Texas,Dallas TX 75220 ,TX
Denton,Texas,Denton TX 76205 ,TX
Dickinson,Texas,Dickinson TX 77539 ,TX
El Paso,Texas,El Paso TX 79936 ,TX
El Paso,Texas,El Paso TX 79936 ,TX
El Paso,Texas,El Paso TX 79925 ,TX
El Paso,Texas,El Paso TX 79912 ,TX
Euless,Texas,Euless TX 76039 ,TX
Flower Mound,Texas,Flower Mound TX 75028 ,TX
Fort Worth,Texas,Fort Worth TX 76107 ,TX
Fort Worth,Texas,Fort Worth TX 76132 ,TX
Fort Worth,Texas,Fort Worth TX 76116 ,TX
Fort Worth,Texas,Fort Worth TX 76120 ,TX
Frisco,Texas,Frisco TX 75034 ,TX
Frisco,Texas,Frisco TX 75034 ,TX
Galveston,Texas,Galveston TX 77551 ,TX
Garland,Texas,Garland TX 75040 ,TX
Georgetown,Texas,Georgetown TX 78628 ,TX
Grand Prairie,Texas,Grand Prairie TX 75052 ,TX
Grand Prairie,Texas,Grand Prairie TX 75052 ,TX
Grapevine,Texas,Grapevine TX 76051 ,TX
Harker Heights,Texas,Harker Heights TX 76548 ,TX
Harlingen,Texas,Harlingen TX 78552 ,TX
Houston,Texas,Houston TX 77042 ,TX
Houston,Texas,Houston TX 77065 ,TX
Houston,Texas,Houston TX 77040 ,TX
Houston,Texas,Houston TX 77094 ,TX
Houston,Texas,Houston TX 77070 ,TX
Houston,Texas,Houston TX 77007 ,TX
Houston,Texas,Houston TX 77082 ,TX
Houston,Texas,Houston TX 77096 ,TX
Houston,Texas,Houston TX 77027 ,TX
Houston,Texas,Houston TX 77069 ,TX
Houston,Texas,Houston TX 77084 ,TX
Houston,Texas,Houston TX 77025 ,TX
Houston,Texas,Houston TX 77075 ,TX
Houston,Texas,Houston TX 77063 ,TX
Houston,Texas,Houston TX 77024 ,TX
Humble,Texas,Humble TX 77338 ,TX
Huntsville,Texas,Huntsville TX 77340 ,TX
Hurst,Texas,Hurst TX 76053 ,TX
Irving,Texas,Irving TX 75062 ,TX
Irving,Texas,Irving TX 75063 ,TX
Katy,Texas,Katy TX 77494 ,TX
Kyle,Texas,Kyle TX 78640 ,TX
Lake Jackson,Texas,Lake Jackson TX 77566 ,TX
Lake Worth,Texas,Lake Worth TX 76135 ,TX
Laredo,Texas,Laredo TX 78043 ,TX
Laredo,Texas,Laredo TX 78045 ,TX
Lewisville,Texas,Lewisville TX 75056 ,TX
Lewisville,Texas,Lewisville TX 75057 ,TX
Longview,Texas,Longview TX 75605 ,TX
Lubbock,Texas,Lubbock TX 79407 ,TX
Lubbock,Texas,Lubbock TX 79423 ,TX
Lufkin,Texas,Lufkin TX 75901 ,TX
Magnolia,Texas,Magnolia TX 77354 ,TX
Mansfield,Texas,Mansfield TX 76063 ,TX
McAllen,Texas,McAllen TX 78504 ,TX
McAllen,Texas,McAllen TX 78503 ,TX
Mcallen,Texas,Mcallen TX 78504 ,TX
Mckinney,Texas,Mckinney TX 75070 ,TX
McKinney,Texas,McKinney TX 75070 ,TX
Mesquite,Texas,Mesquite TX 75150 ,TX
Midland,Texas,Midland TX 79707 ,TX
Mission,Texas,Mission TX 78572 ,TX
Missouri City,Texas,Missouri City TX 77459 ,TX
New Braunfels,Texas,New Braunfels TX 78130 ,TX
North Richland Hills,Texas,North Richland Hills TX 76182 ,TX
Odessa,Texas,Odessa TX 79762 ,TX
Pasadena,Texas,Pasadena TX 77505 ,TX
Pearland,Texas,Pearland TX 77584 ,TX
Pflugerville,Texas,Pflugerville TX 78660 ,TX
Plano,Texas,Plano TX 75075 ,TX
Plano,Texas,Plano TX 75093 ,TX
Port Arthur,Texas,Port Arthur TX 77642 ,TX
Richardson,Texas,Richardson TX 75081 ,TX
Rockwall,Texas,Rockwall TX 75032 ,TX
Rosenberg,Texas,Rosenberg TX 77471 ,TX
Round Rock,Texas,Round Rock TX 78664 ,TX
Rowlett,Texas,Rowlett TX 75088 ,TX
San Angelo,Texas,San Angelo TX 76904 ,TX
San Antonio,Texas,San Antonio TX 78209 ,TX
San Antonio,Texas,San Antonio TX 78250 ,TX
San Antonio,Texas,San Antonio TX 78230 ,TX
San Antonio,Texas,San Antonio TX 78232 ,TX
San Antonio,Texas,San Antonio TX 78257 ,TX
San Antonio,Texas,San Antonio TX 78258 ,TX
San Antonio,Texas,San Antonio TX 78258 ,TX
San Antonio,Texas,San Antonio TX 78224 ,TX
San Antonio,Texas,San Antonio TX 78223 ,TX
San Antonio,Texas,San Antonio TX 78253 ,TX
San Antonio,Texas,San Antonio TX 78244 ,TX
San Antonio,Texas,San Antonio TX 78216 ,TX
San Antonio,Texas,San Antonio TX 78245 ,TX
San Marcos,Texas,San Marcos TX 78666 ,TX
Selma,Texas,Selma TX 78154 ,TX
Sherman,Texas,Sherman TX 75092 ,TX
Spring,Texas,Spring TX 77388 ,TX
Sugar Land,Texas,Sugar Land TX 77479 ,TX
Temple,Texas,Temple TX 76504 ,TX
Texarkana,Texas,Texarkana TX 75503 ,TX
The Woodlands,Texas,The Woodlands TX 77380 ,TX
Tomball,Texas,Tomball TX 77377 ,TX
Tyler,Texas,Tyler TX 75703 ,TX
Victoria,Texas,Victoria TX 77904 ,TX
Waco,Texas,Waco TX 76710 ,TX
Watauga,Texas,Watauga TX 76148 ,TX
Waxahachie,Texas,Waxahachie TX 75165 ,TX
Weatherford,Texas,Weatherford TX 76087 ,TX
Webster,Texas,Webster TX 77598 ,TX
Wichita Falls,Texas,Wichita Falls TX 76308 ,TX
Wylie,Texas,Wylie TX 75098 ,TX
American Fork,Utah,American Fork UT 84003 ,UT
Centerville,Utah,Centerville UT 84014 ,UT
Layton,Utah,Layton UT 84041 ,UT
Orem,Utah,Orem UT 84057 ,UT
Riverdale,Utah,Riverdale UT 84405 ,UT
Saint George,Utah,Saint George UT 84790 ,UT
Salt Lake City,Utah,Salt Lake City UT 84101 ,UT
Salt Lake City,Utah,Salt Lake City UT 84121 ,UT
Sandy,Utah,Sandy UT 84070 ,UT
South Jordan,Utah,South Jordan UT 84095 ,UT
West Jordan,Utah,West Jordan UT 84084 ,UT
West Jordan,Utah,West Jordan UT 84084 ,UT
West Valley City,Utah,West Valley City UT 84128 ,UT
Alexandria,Virginia,Alexandria VA 22305 ,VA
Alexandria,Virginia,Alexandria VA 22306 ,VA
Bristol,Virginia,Bristol VA 24202 ,VA
Chantilly,Virginia,Chantilly VA 20151 ,VA
Charlottesville,Virginia,Charlottesville VA 22911 ,VA
Chesapeake,Virginia,Chesapeake VA 23320 ,VA
Chesapeake,Virginia,Chesapeake VA 23322 ,VA
Chesapeake,Virginia,Chesapeake VA 23321 ,VA
Chester,Virginia,Chester VA 23831 ,VA
Christiansburg,Virginia,Christiansburg VA 24073 ,VA
Colonial Heights,Virginia,Colonial Heights VA 23834 ,VA
Culpeper,Virginia,Culpeper VA 22701 ,VA
Danville,Virginia,Danville VA 24540 ,VA
Dumfries,Virginia,Dumfries VA 22025 ,VA
Fairfax,Virginia,Fairfax VA 22031 ,VA
Fairfax,Virginia,Fairfax VA 22032 ,VA
Fairfax,Virginia,Fairfax VA 22033 ,VA
Falls Church,Virginia,Falls Church VA 22041 ,VA
Falls Church,Virginia,Falls Church VA 22044 ,VA
Fredericksburg,Virginia,Fredericksburg VA 22401 ,VA
Fredericksburg,Virginia,Fredericksburg VA 22406 ,VA
Fredericksburg,Virginia,Fredericksburg VA 22407 ,VA
Front Royal,Virginia,Front Royal VA 22630 ,VA
Gainesville,Virginia,Gainesville VA 20155 ,VA
Glen Allen,Virginia,Glen Allen VA 23059 ,VA
Glen Allen,Virginia,Glen Allen VA 23060 ,VA
Hampton,Virginia,Hampton VA 23666 ,VA
Harrisonburg,Virginia,Harrisonburg VA 22801 ,VA
Leesburg,Virginia,Leesburg VA 20176 ,VA
Lynchburg,Virginia,Lynchburg VA 24502 ,VA
Manassas,Virginia,Manassas VA 20109 ,VA
Manassas,Virginia,Manassas VA 20109 ,VA
Mechanicsville,Virginia,Mechanicsville VA 23111 ,VA
Midlothian,Virginia,Midlothian VA 23113 ,VA
Midlothian,Virginia,Midlothian VA 23112 ,VA
Newport News,Virginia,Newport News VA 23602 ,VA
Norfolk,Virginia,Norfolk VA 23502 ,VA
Reston,Virginia,Reston VA 20190 ,VA
Richmond,Virginia,Richmond VA 23235 ,VA
Richmond,Virginia,Richmond VA 23231 ,VA
Richmond,Virginia,Richmond VA 23230 ,VA
Richmond,Virginia,Richmond VA 23225 ,VA
Richmond,Virginia,Richmond VA 23228 ,VA
Roanoke,Virginia,Roanoke VA 24012 ,VA
Springfield,Virginia,Springfield VA 22150 ,VA
Stafford,Virginia,Stafford VA 22556 ,VA
Sterling,Virginia,Sterling VA 20166 ,VA
Sterling,Virginia,Sterling VA 20164 ,VA
Virginia Beach,Virginia,Virginia Beach VA 23462-3004 ,VA
Virginia Beach,Virginia,Virginia Beach VA 23453 ,VA
Virginia Beach,Virginia,Virginia Beach VA 23454 ,VA
Virginia Beach,Virginia,Virginia Beach VA 23451 ,VA
Waynesboro,Virginia,Waynesboro VA 22980 ,VA
Williamsburg,Virginia,Williamsburg VA 23185 ,VA
Williamsburg,Virginia,Williamsburg VA 23188 ,VA
Winchester,Virginia,Winchester VA 22603 ,VA
Winchester,Virginia,Winchester VA 22601 ,VA
Woodbridge,Virginia,Woodbridge VA 22192 ,VA
Bellevue,Washington,Bellevue WA 98006 ,WA
Bellingham,Washington,Bellingham WA 98226 ,WA
Bonney Lake,Washington,Bonney Lake WA 98391 ,WA
Burlington,Washington,Burlington WA 98233 ,WA
Everett,Washington,Everett WA 98208 ,WA
Federal Way,Washington,Federal Way WA 98003 ,WA
Gig Harbor,Washington,Gig Harbor WA 98332 ,WA
Issaquah,Washington,Issaquah WA 98027 ,WA
Kelso,Washington,Kelso WA 98626 ,WA
Kennewick,Washington,Kennewick WA 99336 ,WA
Kent,Washington,Kent WA 98030 ,WA
Lacey,Washington,Lacey WA 98503 ,WA
Lake Stevens,Washington,Lake Stevens WA 98258 ,WA
Lakewood,Washington,Lakewood WA 98499 ,WA
Lynnwood,Washington,Lynnwood WA 98037 ,WA
Marysville,Washington,Marysville WA 98271 ,WA
Olympia,Washington,Olympia WA 98502 ,WA
Puyallup,Washington,Puyallup WA 98374 ,WA
Puyallup,Washington,Puyallup WA 98373 ,WA
Redmond,Washington,Redmond WA 98052 ,WA
Renton,Washington,Renton WA 98057 ,WA
Richland,Washington,Richland WA 99352 ,WA
Seattle,Washington,Seattle WA 98101 ,WA
Seattle,Washington,Seattle WA 98126 ,WA
Seattle,Washington,Seattle WA 98125 ,WA
Silverdale,Washington,Silverdale WA 98383 ,WA
Spokane,Washington,Spokane WA 99216 ,WA
Spokane,Washington,Spokane WA 99218 ,WA
Tacoma,Washington,Tacoma WA 98405 ,WA
Tukwila,Washington,Tukwila WA 98188 ,WA
Vancouver,Washington,Vancouver WA 98684 ,WA
Vancouver,Washington,Vancouver WA 98662 ,WA
Vancouver,Washington,Vancouver WA 98665 ,WA
Wenatchee,Washington,Wenatchee WA 98801 ,WA
Woodinville,Washington,Woodinville WA 98072 ,WA
Yakima,Washington,Yakima WA 98901 ,WA
Washington,Washington DC,Washington DC 20010 ,DC
Barboursville,West Virginia,Barboursville WV 25504 ,WV
Bridgeport,West Virginia,Bridgeport WV 26330 ,WV
Charleston,West Virginia,Charleston WV 25309 ,WV
Martinsburg,West Virginia,Martinsburg WV 25403 ,WV
Morgantown,West Virginia,Morgantown WV 26501 ,WV
Triadelphia,West Virginia,Triadelphia WV 26059 ,WV
Appleton,Wisconsin,Appleton WI 54915 ,WI
Appleton,Wisconsin,Appleton WI 54913 ,WI
Brookfield,Wisconsin,Brookfield WI 53005 ,WI
Delafield,Wisconsin,Delafield WI 53018 ,WI
Eau Claire,Wisconsin,Eau Claire WI 54701 ,WI
Fitchburg,Wisconsin,Fitchburg WI 53719 ,WI
Fond Du Lac,Wisconsin,Fond Du Lac WI 54937 ,WI
Franklin,Wisconsin,Franklin WI 53132 ,WI
Grafton,Wisconsin,Grafton WI 53024 ,WI
Green Bay,Wisconsin,Green Bay WI 54304 ,WI
Green Bay,Wisconsin,Green Bay WI 54311 ,WI
Greenfield,Wisconsin,Greenfield WI 53221 ,WI
Hudson,Wisconsin,Hudson WI 54016 ,WI
Janesville,Wisconsin,Janesville WI 53545 ,WI
Lake Geneva,Wisconsin,Lake Geneva WI 53147 ,WI
Madison,Wisconsin,Madison WI 53717 ,WI
Madison,Wisconsin,Madison WI 53704 ,WI
Madison,Wisconsin,Madison WI 53705 ,WI
Marshfield,Wisconsin,Marshfield WI 54449 ,WI
Menomonee Falls,Wisconsin,Menomonee Falls WI 53051 ,WI
Milwaukee,Wisconsin,Milwaukee WI 53207 ,WI
Milwaukee,Wisconsin,Milwaukee WI 53224 ,WI
New Berlin,Wisconsin,New Berlin WI 53151 ,WI
Oak Creek,Wisconsin,Oak Creek WI 53154 ,WI
Onalaska,Wisconsin,Onalaska WI 54650 ,WI
Oshkosh,Wisconsin,Oshkosh WI 54902 ,WI
Pleasant Prairie,Wisconsin,Pleasant Prairie WI 53158 ,WI
Racine,Wisconsin,Racine WI 53406 ,WI
Schofield,Wisconsin,Schofield WI 54476 ,WI
Sheboygan Falls,Wisconsin,Sheboygan Falls WI 53085 ,WI
Stevens Point,Wisconsin,Stevens Point WI 54481 ,WI
Sturgeon Bay,Wisconsin,Sturgeon Bay WI 54235 ,WI
Sun Prairie,Wisconsin,Sun Prairie WI 53590 ,WI
Superior,Wisconsin,Superior WI 54880 ,WI
Waukesha,Wisconsin,Waukesha WI 53189 ,WI
Waukesha,Wisconsin,Waukesha WI 53186 ,WI
Wauwatosa,Wisconsin,Wauwatosa WI 53222 ,WI
West Allis,Wisconsin,West Allis WI 53227 ,WI
West Milwaukee,Wisconsin,West Milwaukee WI 53214 ,WI
Casper,Wyoming,Casper WY 82609 ,WY
Cheyenne,Wyoming,Cheyenne WY 82009 ,WY
